pagina,titulo_crudo,canal_atribuido
141,,
142,COSTA OCEÁNICA ISLA CHILOÉ,
143,COSTA OCEÁNICA ISLA CHILOÉ,
144,COSTA OCEÁNICA ISLA CHILOÉ,
145,COSTA OCEÁNICA ISLA CHILOÉ,
146,COSTA OCEÁNICA ISLA CHILOÉ,
147,COSTA OCEÁNICA ISLA CHILOÉ,
148,CANAL CHACAO,Canal Chacao
149,CANAL CHACAO,Canal Chacao
150,ACCESO OCEÁNICO CANAL CHACAO,Canal Chacao
151,ACCESO OCEÁNICO CANAL CHACAO,Canal Chacao
152,ACCESO OCEÁNICO CANAL CHACAO,Canal Chacao
153,BAHÍA ANCUD,Canal Chacao
154,BAHÍA ANCUD,Canal Chacao
155,BAHÍA ANCUD,Canal Chacao
156,BAHÍA ANCUD,Canal Chacao
157,BAHÍA ANCUD,Canal Chacao
158,BAHÍA ANCUD,Canal Chacao
159,CANAL CHACAO,Canal Chacao
160,CANAL CHACAO,Canal Chacao
161,CANAL CHACAO,Canal Chacao
162,CANAL CHACAO,Canal Chacao
163,CANAL CHACAO,Canal Chacao
164,ACCESO E CANAL CHACAO,Canal Chacao
165,ACCESO E CANAL CHACAO,Canal Chacao
166,ACCESO E CANAL CHACAO,Canal Chacao
167,ACCESO E CANAL CHACAO,Canal Chacao
168,GOLFO DE ANCUD,Golfo Ancud
169,INSTRUCCIONES PARA LA NAVEGACIÓN DEL CANAL CHACAO,Canal Chacao
170,CONSIDERACIONES PREVIAS,Canal Chacao
171,RECOMENDACIONES PARA LA DERROTA EN CANAL CHACAO,Canal Chacao
172,RECOMENDACIONES PARA LA DERROTA EN CANAL CHACAO,Canal Chacao
173,RECOMENDACIONES PARA LA DERROTA EN CANAL CHACAO,Canal Chacao
174,RECOMENDACIONES PARA LA DERROTA EN CANAL CHACAO,Canal Chacao
175,COSTA W GOLFO DE ANCUD,Golfo Ancud
176,BAHÍA MANAO,Golfo Ancud
177,BAHÍA HUEIHUE,Golfo Ancud
178,BAHÍA LINAO,Golfo Ancud
179,CANAL CAUCAHUÉ,Canal Caucahué
180,CANAL CAUCAHUÉ,Canal Caucahué
181,PUERTO QUEMCHI,Canal Caucahué
182,PUERTO QUEMCHI,Canal Caucahué
183,CANAL CAUCAHUÉ,Canal Caucahué
184,RADA QUICAVÍ,Canal Caucahué
185,CANAL QUICAVÍ,Canal Quicaví
186,CANAL CHENIAO,Canal Cheniao
187,CANAL CHAUQUES,Canal Chauques
188,CANAL CHAUQUES,Canal Chauques
189,CANAL TAC,Canal Tac
190,PASO TENAÚN,Paso Tenaún
191,PASO TENAÚN,Paso Tenaún
192,CANAL DALCAHUE,Canal Dalcahue
193,CANAL DALCAHUE,Canal Dalcahue
194,CANAL DALCAHUE,Canal Dalcahue
195,INSTRUCCIONES NAVEGACIÓN CANAL DALCAHUE,Canal Dalcahue
196,RECOMENDACIONES DERROTA CANAL DALCAHUE,Canal Dalcahue
197,CANAL QUINCHAO,Canal Quinchao
198,CANAL QUINCHAO,Canal Quinchao
199,CANAL QUINCHAO,Canal Quinchao
200,CANAL HUDSON,Canal Hudson
201,CANAL QUEHUI,Canal Quehui
202,ESTERO PINDO,Canal Quehui
203,PASO IMELEV,Paso Imelev
204,PASO IMELEV,Paso Imelev
205,CANAL ALAO,Canal Alao
206,CANAL CHAULINEC,Canal Chaulinec
207,CANALES QUICAVÍ Y APIAO,Canal Chaulinec
208,COSTA E GOLFO DE ANCUD,Golfo Ancud
209,COSTA E GOLFO DE ANCUD,Golfo Ancud
210,COSTA E GOLFO DE ANCUD,Golfo Ancud
211,COSTA E GOLFO DE ANCUD,Golfo Ancud
212,CANAL LLANCHID,Canal Llanchid
213,CANAL LLANCHID,Canal Llanchid
214,CANAL LLANCAHUÉ,Canal Llancahué
215,CANAL HORNOPIRÉN,Canal Hornopirén
216,CANAL HORNOPIRÉN,Canal Hornopirén
217,CANAL CHOLGO,Canal Cholgo
218,PASOS MARILMÓ Y COMAU,Canal Cholgo
219,CALETA TELELE,Canal Cholgo
220,CALETA ANTEPULLI,Canal Cholgo
221,CALETA TELELE,Canal Cholgo
222,CALETA LONCOCHALGUA,Canal Cholgo
223,ESTERO HUEQUI,Canal Cholgo
224,CALETA AYACARA,Canal Cholgo
225,CALETA BUILL,Canal Cholgo
226,CALETA LAS NIEVES,Canal Cholgo
227,ISLAS DESERTORES,Canal Cholgo
228,ISLAS DESERTORES,Canal Cholgo
229,ISLAS DESERTORES,Canal Cholgo
230,ISLAS DESERTORES,Canal Cholgo
231,CANAL DESERTORES,Canal Desertores
232,CANAL DESERTORES,Canal Desertores
233,CANAL DESERTORES,Canal Desertores
234,GOLFO CORCOVADO,Golfo Corcovado
235,GOLFO CORCOVADO,Golfo Corcovado
236,BAHÍA PARGUA,Golfo Corcovado
237,BAHÍA PARGUA,Golfo Corcovado
238,RADA DE CUNCO,Golfo Corcovado
239,CANAL Y PUERTO ABTAO,Canal y Puerto Abtao
240,ENSENADA CODIHUE,Canal y Puerto Abtao
241,CANAL SAN ANTONIO,Canal San Antonio
242,PASOS LAGARTIJA Y LAMI,Canal San Antonio
243,PASO LAMI,Paso Lami
244,PASO CORVIO,Paso Corvio
245,PASO QUIHUA,Paso Quihua
246,PUERTO SAN JOSÉ,Paso Quihua
247,PASO QUENU,Paso Quenu
248,CANAL CALBUCO,Canal Calbuco
249,CANAL CALBUCO,Canal Calbuco
250,CANAL CALBUCO,Canal Calbuco
251,CANAL CALBUCO,Canal Calbuco
252,CALETA LA VEGA,Canal Calbuco
253,PUERTO CALBUCO,Canal Calbuco
254,PUERTO CALBUCO,Canal Calbuco
255,CANAL CALBUCO,Canal Calbuco
256,CANAL CALBUCO,Canal Calbuco
257,PASO TAUTIL,Paso Tautil
258,ÁREA NW GOLFO DE ANCUD,Golfo Ancud
259,ÁREA NW GOLFO DE ANCUD,Golfo Ancud
260,ÁREA NW GOLFO DE ANCUD,Golfo Ancud
261,DERROTA RUTA INTERIOR GOLFO DE ANCUD Y SENO RELONCAVÍ,Golfo Ancud
262,DERROTA RUTA INTERIOR GOLFO DE ANCUD Y SENO RELONCAVÍ,Golfo Ancud
263,DERROTA RUTA INTERIOR GOLFO DE ANCUD Y SENO RELONCAVÍ,Golfo Ancud
264,PASO QUEULLÍN,Paso Queullín
265,PASO QUEULLÍN,Paso Queullín
266,COSTA E SENO RELONCAVÍ,Seno Reloncaví
267,COSTA E SENO RELONCAVÍ,Seno Reloncaví
268,ESTERO RELONCAVÍ,Seno Reloncaví
269,ESTERO RELONCAVÍ,Seno Reloncaví
270,BAHÍA SOTOMÓ,Seno Reloncaví
271,BAHÍA COCHAMÓ,Seno Reloncaví
272,BAHÍA RALÚN,Seno Reloncaví
273,RECOMENDACIONES DERROTA ESTERO RELONCAVÍ,Seno Reloncaví
274,COSTA E SENO RELONCAVÍ,Seno Reloncaví
275,BAHÍA PUERTO MONTT,Seno Reloncaví
276,BAHÍA PUERTO MONTT,Seno Reloncaví
277,BAHÍA PUERTO MONTT,Seno Reloncaví
278,BAHÍA PUERTO MONTT,Seno Reloncaví
279,PUERTO MONTT,Seno Reloncaví
280,PUERTO MONTT,Seno Reloncaví
281,PUERTO MONTT,Seno Reloncaví
282,PUERTO MONTT,Seno Reloncaví
283,PASO E ISLA GUAR,Paso E Isla Guar
284,COSTA W SENO RELONCAVÍ,Seno Reloncaví
285,COSTA W SENO RELONCAVÍ,Seno Reloncaví
286,COSTA W SENO RELONCAVÍ,Seno Reloncaví
287,PASO E ISLA MAILLÉN,Paso E Isla Maillén
288,BAHÍA CHINCUI,Paso E Isla Maillén
289,BAHÍA CHINCUI,Paso E Isla Maillén
290,BAHÍA CHINCUI,Paso E Isla Maillén
291,CANAL TENGLO,Canal Tenglo
292,CANAL TENGLO,Canal Tenglo
293,CANAL TENGLO,Canal Tenglo
294,CANAL TENGLO,Canal Tenglo
295,CANAL TENGLO,Canal Tenglo
296,DIRECCIÓN DERROTA SENO RELONCAVÍ,Seno Reloncaví
297,DIRECCIÓN DERROTA SENO RELONCAVÍ,Seno Reloncaví
298,COSTA E GOLFO CORCOVADO,Golfo Corcovado
299,ENSENADA CHAITÉN,Golfo Corcovado
300,ENSENADA CHAITÉN,Golfo Corcovado
301,ENSENADA CHAITÉN,Golfo Corcovado
302,PUERTO YELCHO,Golfo Corcovado
303,PUERTO YELCHO,Golfo Corcovado
304,BAHÍA CORCOVADO,Golfo Corcovado
305,BAHÍA CORCOVADO,Golfo Corcovado
306,BAHÍA TICTOC,Golfo Corcovado
307,BAHÍA TICTOC,Golfo Corcovado
308,BAHÍA TICTOC,Golfo Corcovado
309,BAHÍA TICTOC,Golfo Corcovado
310,BAHÍA PESCADORES,Golfo Corcovado
311,BAHÍA PESCADORES,Golfo Corcovado
312,RADA PALENA,Golfo Corcovado
313,ESTERO PITI PALENA,Golfo Corcovado
314,RÍO PALENA,Golfo Corcovado
315,BAHÍA ISLAS,Golfo Corcovado
316,COSTA W GOLFO CORCOVADO,Golfo Corcovado
317,CANAL LEMUY,Canal Lemuy
318,ESTERO CASTRO,Canal Lemuy
319,PUERTO CASTRO,Canal Lemuy
320,PUERTO CASTRO,Canal Lemuy
321,PUERTO Y CIUDAD DE CASTRO,Canal Lemuy
322,PUERTO CASTRO,Canal Lemuy
323,CANAL YAL,Canal Yal
324,PUERTO CHONCHI,Canal Yal
325,BAHÍA LINCAI,Canal Yal
326,GOLFO CORCOVADO,Golfo Corcovado
327,GOLFO CORCOVADO,Golfo Corcovado
328,CANAL QUEILÉN,Canal Queilén
329,PUERTO QUEILÉN,Canal Queilén
330,CANAL QUEILÉN,Canal Queilén
331,CANAL QUEILÉN,Canal Queilén
332,CALETA ALQUI,Canal Queilén
333,ESTERO HUILDAD,Canal Queilén
334,BAHÍA QUELLÓN,Canal Queilén
335,CANAL CHAIGUAO,Canal Chaiguao
336,CANAL CHAIGUAO,Canal Chaiguao
337,CANAL YELCHO,Canal Yelcho
338,CANAL YELCHO,Canal Yelcho
339,CANAL LAITEC,Canal Laitec
340,PUERTO QUELLÓN,Canal Laitec
341,PUERTO QUELLÓN,Canal Laitec
342,ESTERO YALDAD,Canal Laitec
343,CANAL SAN PEDRO,Canal San Pedro
344,BOCA DEL GUAFO,Boca Guafo
345,BOCA DEL GUAFO,Boca Guafo
346,BOCA DEL GUAFO,Boca Guafo
347,ISLA GUAFO,Boca Guafo
348,ISLA GUAFO,Boca Guafo
349,BOCA DEL GUAFO,Boca Guafo
350,BOCA DEL GUAFO,Boca Guafo
351,BOCA DEL GUAFO,Boca Guafo
352,BOCA DEL GUAFO,Boca Guafo
353,BAHÍA LOW,Boca Guafo
354,BAHÍA LOW,Boca Guafo
355,DIRECCIONES DERROTA BOCA DEL GUAFO Y GOLFO CORCOVADO,Boca Guafo
356,DIRECCIONES DERROTA BOCA DEL GUAFO Y GOLFO CORCOVADO,Boca Guafo
357,DIRECCIONES DERROTA BOCA DEL GUAFO Y GOLFO CORCOVADO,Boca Guafo
358,DIRECCIONES DERROTA BOCA DEL GUAFO Y GOLFO CORCOVADO,Boca Guafo
359,ARCHIPIÉLAGO GUAITECAS,Boca Guafo
360,CALETA REPOLLAL,Boca Guafo
361,BAHÍA Y PUERTO MELINKA,Boca Guafo
362,BAHÍA Y PUERTO MELINKA,Boca Guafo
363,CANAL BETECOI,Canal Betecoi
364,COSTA E ARCHIPIÉLAGO GUAITECAS,Canal Betecoi
365,PASO GUAITECAS Y CANAL TUAMAPU,Paso Guaitecas
366,CANAL TUAMAPU,Canal Tuamapu
367,FONDEADERO RHONE,Canal Tuamapu
368,FONDEADERO RHONE,Canal Tuamapu
369,CANAL TUAMAPU,Canal Tuamapu
370,CANAL PÉREZ NORTE,Canal Pérez Norte
371,PASO CHACAO,Paso Chacao
372,CANAL COSTA QUILA,Canal Costa Quila
373,CANAL PIHUEL,Canal Pihuel
374,CANAL PAJALITO,Canal Pajalito
375,CANAL CHIPANA,Canal Chipana
376,DIRECCIONES DERROTA CANAL PÉREZ NORTE,Canal Pérez Norte
377,DIRECCIONES DERROTA CANAL PÉREZ NORTE,Canal Pérez Norte
378,CANAL PÉREZ SUR,Canal Pérez Sur
379,PASO ESTRECHO,Paso Estrecho
380,CANAL PÉREZ SUR,Canal Pérez Sur
381,CANAL PÉREZ SUR,Canal Pérez Sur
382,DIRECCIONES DERROTA CANAL PÉREZ SUR,Canal Pérez Sur
383,DIRECCIONES DERROTA CANAL PÉREZ SUR,Canal Pérez Sur
384,PASOS PAJAL Y SIMBRAD,Canal Pérez Sur
385,PASO HUARRO,Paso Huarro
386,PASOS SENAREGA Y PLAY BONITA,Paso Huarro
387,CANAL ALANTA,Canal Alanta
388,CANALES CRUCES Y PAJALITO,Canal Alanta
389,CANAL SIMPSON,Canal Simpson
390,CANAL KING,Canal King
391,ISLA IPÚN,Canal King
392,ISLA GUAMBLÍN,Canal King
393,ISLA GUAMBLÍN,Canal King
394,CALETA ROMPIENTES,Canal King
395,CANAL MEMORY,Canal Memory
396,CANAL CIRIACO,Canal Ciriaco
397,ISLAS VALLENAR,Canal Ciriaco
398,PASO SUCIO Y CANAL PRORROMANT,Paso Sucio
399,PENÍNSULA DE TAITAO,Paso Sucio
400,PENÍNSULA DE TAITAO,Paso Sucio
401,CALETA CLIFF,Paso Sucio
402,CALETA CLIFF,Paso Sucio
403,ESTERO CONO,Paso Sucio
404,ESTERO CONO,Paso Sucio
405,CABO RAPER,Paso Sucio
406,GOLFO DE PENAS,Golfo Penas
407,GOLFO DE PENAS,Golfo Penas
408,GOLFO DE PENAS,Golfo Penas
409,GOLFO DE PENAS,Golfo Penas
410,CANAL NINUALAC,Canal Ninualac
411,CANAL NINUALAC,Canal Ninualac
412,CANAL NINUALAC,Canal Ninualac
413,CANAL NINUALAC,Canal Ninualac
414,INSTRUCCIONES Y RECOMENDACIONES DERROTA CANAL NINUALAC,Canal Ninualac
415,DIRECCIONES DERROTA CANAL NINUALAC,Canal Ninualac
416,DIRECCIÓN DERROTA CANAL NINUALAC,Canal Ninualac
417,BAHÍA DARWIN,Canal Ninualac
418,BAHÍA DARWIN,Canal Ninualac
419,CANAL DARWIN,Canal Darwin
420,CANAL WILLIAMS,Canal Williams
421,CANAL DARWIN,Canal Darwin
422,CANAL DARWIN,Canal Darwin
423,CANAL DARWIN,Canal Darwin
424,PUERTO ITALIANO,Canal Darwin
425,CANAL DARWIN,Canal Darwin
426,CALETA GALVARINO,Canal Darwin
427,CANAL DARWIN,Canal Darwin
428,INSTRUCCIONES NAVEGACIÓN CANAL DARWIN,Canal Darwin
429,RECOMENDACIONES PARA LA DERROTA BAHÍA Y CANAL DARWIN,Canal Darwin
430,RECOMENDACIONES PARA LA DERROTA BAHÍA Y CANAL DARWIN,Canal Darwin
431,DIRECCIONES DERROTA BAHÍA Y CANAL DARWIN,Canal Darwin
432,DIRECCIONES DERROTA BAHÍA Y CANAL DARWIN,Canal Darwin
433,DIRECCIONES DERROTA BAHÍA Y CANAL DARWIN,Canal Darwin
434,CANAL UTARUPA,Canal Utarupa
435,CANAL UTARUPA,Canal Utarupa
436,DIRECCIONES DERROTA CANAL UTARUPA,Canal Utarupa
437,CALETA CONDELL,Canal Utarupa
438,BAHÍA ANNA PINK,Canal Utarupa
439,BAHÍA ANNA PINK,Canal Utarupa
440,PUERTO REFUGIO,Canal Utarupa
441,PUERTO REFUGIO,Canal Utarupa
442,BAHÍA ANNA PINK,Canal Utarupa
443,BOCA WICKHAM,Boca Wickham
444,CALETA MILLABÚ,Boca Wickham
445,BOCA WICKHAM,Boca Wickham
446,DIRECCIONES DERROTA BAHÍA ANNA PINK Y BOCA WICKHAM,Boca Wickham
447,DIRECCIONES DERROTA BAHÍA ANNA PINK Y BOCA WICKHAM,Boca Wickham
448,CANAL PULLUCHE,Canal Pulluche
449,CANAL PULLUCHE,Canal Pulluche
450,ESTERO BALLADARES,Canal Pulluche
451,INSTRUCCIONES NAVEGACIÓN CANAL PULLUCHE,Canal Pulluche
452,RECOMENDACIONES DERROTA CANAL PULLUCHE,Canal Pulluche
453,CANAL PULLUCHE,Canal Pulluche
454,CANAL CHACABUCO,Canal Chacabuco
455,CANAL CHACABUCO,Canal Chacabuco
456,CANAL CHACABUCO,Canal Chacabuco
457,CANAL CHACABUCO,Canal Chacabuco
458,DIRECCIONES DERROTA CANAL CHACABUCO,Canal Chacabuco
459,DIRECCIONES DERROTA CANAL CHACABUCO,Canal Chacabuco
460,DIRECCIONES DERROTA CANAL CHACABUCO,Canal Chacabuco
461,DIRECCIONES DERROTA CANAL CHACABUCO,Canal Chacabuco
462,DIRECCIONES DERROTA CANAL CHACABUCO,Canal Chacabuco
463,CANAL MORALEDA,Canal Moraleda
464,CANAL MORALEDA,Canal Moraleda
465,CANAL MORALEDA,Canal Moraleda
466,PUERTO BALLENA,Canal Moraleda
467,CANAL MORALEDA,Canal Moraleda
468,CANAL MORALEDA,Canal Moraleda
469,CANAL MORALEDA,Canal Moraleda
470,CANAL MORALEDA,Canal Moraleda
471,CANAL MORALEDA,Canal Moraleda
472,PUERTO CUPTANA,Canal Moraleda
473,PUERTO CUPTANA,Canal Moraleda
474,PUERTO FRANCÉS,Canal Moraleda
475,PUERTO FRANCÉS,Canal Moraleda
476,PUERTO FRANCÉS,Canal Moraleda
477,CANAL MORALEDA,Canal Moraleda
478,PUERTO AMERICANO,Canal Moraleda
479,PUERTO AMERICANO,Canal Moraleda
480,CANAL MORALEDA,Canal Moraleda
481,CANAL MORALEDA,Canal Moraleda
482,CANAL MORALEDA,Canal Moraleda
483,CANAL MORALEDA,Canal Moraleda
484,PUERTO LAGUNAS,Canal Moraleda
485,PUERTO LAGUNAS,Canal Moraleda
486,PUERTO LAGUNAS,Canal Moraleda
487,CANAL MORALEDA,Canal Moraleda
488,CANAL MORALEDA,Canal Moraleda
489,CANAL MORALEDA,Canal Moraleda
490,CANAL ERRÁZURIZ,Canal Errázuriz
491,CANAL ERRÁZURIZ,Canal Errázuriz
492,CANAL ERRÁZURIZ,Canal Errázuriz
493,CANAL ERRÁZURIZ,Canal Errázuriz
494,FONDEADERO ISLOTE DIEGO,Canal Errázuriz
495,DIRECCIONES DERROTA CANAL ERRÁZURIZ,Canal Errázuriz
496,DIRECCIONES DERROTA CANAL ERRÁZURIZ,Canal Errázuriz
497,DIRECCIONES DERROTA CANAL ERRÁZURIZ,Canal Errázuriz
498,CANAL REFUGIO,Canal Refugio
499,SENO MELIMOYU,Seno Melimoyu
500,SENO GALA,Seno Gala
501,SENO GALA,Seno Gala
502,CANAL JACAF,Canal Jacaf
503,CANAL JACAF,Canal Jacaf
504,CANAL JACAF,Canal Jacaf
505,CANAL JACAF,Canal Jacaf
506,PASO SIBBALD,Paso Sibbald
507,RECOMENDACIONES DERROTA CANAL JACAF,Canal Jacaf
508,RECOMENDACIONES DERROTA CANAL JACAF,Canal Jacaf
509,CANAL PUYUGUAPI,Canal Puyuguapi
510,CANAL PUYUGUAPI,Canal Puyuguapi
511,PUERTO CISNES,Canal Puyuguapi
512,PUERTO CISNES,Canal Puyuguapi
513,PUERTO CISNES,Canal Puyuguapi
514,PUERTO CISNES,Canal Puyuguapi
515,PUERTO CISNES,Canal Puyuguapi
516,PUERTO CISNES,Canal Puyuguapi
517,RECOMENDACIONES DERROTA CANAL PUYUGUAPI,Canal Puyuguapi
518,SENO VENTISQUERO,Seno Ventisquero
519,PASO GALVARINO,Paso Galvarino
520,PASO GALVARINO,Paso Galvarino
521,SENO VENTISQUERO,Seno Ventisquero
522,CANAL FERRONAVE,Canal Ferronave
523,CANAL FERRONAVE,Canal Ferronave
524,CANAL FERRONAVE,Canal Ferronave
525,CANAL FERRONAVE,Canal Ferronave
526,CANAL FERRONAVE,Canal Ferronave
527,PUERTO AGUIRRE,Canal Ferronave
528,PUERTO AGUIRRE,Canal Ferronave
529,PUERTO AGUIRRE,Canal Ferronave
530,PUERTO AGUIRRE,Canal Ferronave
531,PUERTO AGUIRRE,Canal Ferronave
532,CANAL FERRONAVE,Canal Ferronave
533,CANAL FERRONAVE,Canal Ferronave
534,DIRECCIONES DERROTA CANAL FERRONAVE,Canal Ferronave
535,DIRECCIONES DERROTA CANAL FERRONAVE,Canal Ferronave
536,CANAL DEVIA,Canal Devia
537,CANAL DEVIA,Canal Devia
538,CANAL PILCOMAYO,Canal Pilcomayo
539,CANAL PILCOMAYO,Canal Pilcomayo
540,CANAL PILCOMAYO,Canal Pilcomayo
541,DIRECCIONES DERROTA CANAL PILCOMAYO,Canal Pilcomayo
542,CANAL RODRÍGUEZ,Canal Rodríguez
543,PASO DEL MEDIO,Paso Medio
544,PASO CASMA,Paso Casma
545,PASO CASMA,Paso Casma
546,FIORDO AYSÉN,Fiordo Aysén
547,FIORDO AYSÉN,Fiordo Aysén
548,RÍO AYSÉN,Fiordo Aysén
549,RÍO AYSÉN,Fiordo Aysén
550,DIRECCIONES DERROTA FIORDO AYSÉN,Fiordo Aysén
551,BAHÍA CHACABUCO,Fiordo Aysén
552,PUERTO CHACABUCO,Fiordo Aysén
553,PUERTO CHACABUCO,Fiordo Aysén
554,PUERTO CHACABUCO,Fiordo Aysén
555,PUERTO CHACABUCO,Fiordo Aysén
556,PUERTO CHACABUCO,Fiordo Aysén
557,PUERTO CHACABUCO,Fiordo Aysén
558,PUERTO CHACABUCO,Fiordo Aysén
559,PUERTO CHACABUCO,Fiordo Aysén
560,PUERTO CHACABUCO,Fiordo Aysén
561,CANAL COSTA,Canal Costa
562,PASO TRES CRUCES,Paso Tres Cruces
563,CALETA SAN MIGUEL,Paso Tres Cruces
564,DIRECCIONES DERROTA PASO TRES CRUCES,Paso Tres Cruces
565,ESTERO QUITRALCO,Paso Tres Cruces
566,ESTERO ELEFANTES,Paso Tres Cruces
567,ESTERO ELEFANTES,Paso Tres Cruces
568,ESTERO ELEFANTES,Paso Tres Cruces
569,ESTERO ELEFANTES,Paso Tres Cruces
570,BAHÍA EXPLORADORES,Paso Tres Cruces
571,PASO QUESAHUÉN,Paso Quesahuén
572,GOLFO ELEFANTES,Golfo Elefantes
573,GOLFO ELEFANTES,Golfo Elefantes
574,PASO DE VIDTS,Paso Vidts
575,DIRECCIONES DERROTA CANAL COSTA A GOLFO ELEFANTES,Canal Costa A Golfo Elefantes
576,DIRECCIONES DERROTA CANAL COSTA A GOLFO ELEFANTES,Canal Costa A Golfo Elefantes
577,BAHÍA SAN RAFAEL,Canal Costa A Golfo Elefantes
578,RÍO TÉMPANOS,Canal Costa A Golfo Elefantes
579,LAGUNA SAN RAFAEL,Canal Costa A Golfo Elefantes
580,LAGUNA SAN RAFAEL,Canal Costa A Golfo Elefantes
581,LAGUNA SAN RAFAEL,Canal Costa A Golfo Elefantes
582,LAGUNA SAN RAFAEL,Canal Costa A Golfo Elefantes
583,GOLFO TRES MONTES,Golfo Tres Montes
584,PUERTO BARROSO,Golfo Tres Montes
585,PASO HOLLOWAY,Paso Holloway
586,CANAL CHAICAYÁN,Canal Chaicayán
587,GOLFO TRES MONTES,Golfo Tres Montes
588,GOLFO TRES MONTES,Golfo Tres Montes
589,BAHÍA HOPPNER,Golfo Tres Montes
590,ESTERO SLIGHT,Golfo Tres Montes
591,PENÍNSULA FORELIUS,Golfo Tres Montes
592,PENÍNSULA FORELIUS,Golfo Tres Montes
593,BAHÍA SAN QUINTÍN,Golfo Tres Montes
594,BAHÍA SAN QUINTÍN,Golfo Tres Montes
595,BAHÍA SAN QUINTÍN,Golfo Tres Montes
596,SENO ALDUNATE,Seno Aldunate
597,ISTMO DE OFQUI,Seno Aldunate
598,ISTMO DE OFQUI,Seno Aldunate
599,ABRA KELLY,Seno Aldunate
600,BAHÍA KELLY,Seno Aldunate
601,BAHÍA KELLY,Seno Aldunate
602,BAHÍA KELLY,Seno Aldunate
603,BAHÍA KELLY,Seno Aldunate
604,BAHÍA KELLY,Seno Aldunate
605,BAHÍA KELLY,Seno Aldunate
606,BAHÍA KELLY,Seno Aldunate
607,BAHÍA KELLY,Seno Aldunate
608,BAHÍA KELLY,Seno Aldunate
609,BAHÍA KELLY,Seno Aldunate
610,BAHÍA KELLY,Seno Aldunate
611,BAHÍA KELLY,Seno Aldunate
612,BAHÍA KELLY,Seno Aldunate
613,BAHÍA KELLY,Seno Aldunate
614,BAHÍA KELLY,Seno Aldunate
615,BAHÍA KELLY,Seno Aldunate
616,BAHÍA KELLY,Seno Aldunate
617,BAHÍA KELLY,Seno Aldunate
618,BAHÍA KELLY,Seno Aldunate
619,BAHÍA KELLY,Seno Aldunate
620,BAHÍA KELLY,Seno Aldunate
621,BAHÍA KELLY,Seno Aldunate
622,BAHÍA KELLY,Seno Aldunate
623,BAHÍA KELLY,Seno Aldunate
