nombre,canal,geometria_ref,ancho_util_m,sonda_canal_min_m,calado_max_m,eslora_max_m,corriente_max_kt,restriccion,pagina,texto_aproximado,es_duplicado_de,contexto
Boca del Guafo,Boca Guafo,SIN_GEOMETRIA,29632,,,,,,148,si,,Boca del Guafo.- Cartas No 7000 y 7500. Es el gran brazo de mar que se interna hacia el E de la isla Guafo y entre la costa S de la isla Chiloé —por el lado N— y el borde N de las islas Guaitecas —por
Canal Chacao,Canal Chacao,Canal de Chacao,,,,,,,148,si,,"Canal Chacao.- Cartas No 7210, 7212 y 7213. Separa la costa SW de la provincia de Llanquihue (o del continente) —por el lado N— de la costa N de la 2 isla Chiloé —por el lado S—, en una extensión de 1"
Paso Chocoi,Canal Chacao,Canal de Chacao,2963,5.0,,,6.0,,159,no,,"Paso Chocoi.- Carta No 7210. Se forma entre la punta Chocoi y la isla Doña Sebastiana, tiene 1,6 2 millas de ancho y de 5 a 27 metros de profundidad. Las corrientes en el paso Chocoi pueden tener bast"
Canal Caulín,Canal Caulín,SIN_GEOMETRIA,,,,,,,163,si,,"Canal Caulín.- Carta No 7213. Separa la isla La- 3 cao —por el lado N— de la costa N de la isla Chiloé donde hace una gran inflexión hacia el S, entre la puntas Espolón y Quetrelquén —por el lado S—,"
Paso Norte,Canal Chacao,Canal de Chacao,926,,,,,,165,no,,Paso Norte.- Es la porción N del Canal Chacao en el área de la roca Remolinos entre punta Santa Teresa y punta Coronel. Es el sector más comunmente utilizado para la navegación de naves y embarcacione
Paso Sur,Canal Chacao,Canal de Chacao,648,,,,,,165,no,,"Paso Sur.- Es la porción S del Canal Chacao en el área de la roca Remolinos, entre puerto Elvira y rocas Chacao, tiene un ancho navegable aproximadamente de 3,5 cables. Este tramo recientemente habili"
Golfo de Ancud,Golfo Ancud,Golfo de Ancud,,,,,,,168,no,,Golfo de Ancud.- Carta No 7300. Es el vasto golfo que se forma entre el borde NE de la isla Chiloé —por el lado W— y la costa SE de la provincia de Llanquihue —por el lado E. Se extiende dentro de los
Golfo de Ancud,Golfo Ancud,Golfo de Ancud,,,,,,,174,no,168,Golfo de Ancud.- Carta No 7300. Es el vasto brazo de mar que se forma entre el borde NE de la isla Chiloé —por el lado W— y la costa SE de la provincia de Llanquihue —por el lado E. Se extiende dentro
Seno Reloncaví,Seno Reloncaví,Seno Reloncavi,,,,,,,175,no,,"Seno Reloncaví.- Carta No 7320. Es el extenso brazo de mar que se abre hacia el N del golfo de Ancud, entre la punta Perhue de la isla Puluqui —por el lado W— y la punta Trentelhué de la costa contine"
Canal Caucahué,Canal Caucahué,SIN_GEOMETRIA,2222,,,,,,179,si,,"Canal Caucahué.- Cartas No 7300 y 7381. Separa la costa E de la isla Chiloé —por el lado W— de la costa NW, SW y S de la isla Caucahué —por el lado E—, en una extensión de unas 10 millas en direc- 0 c"
Angostura del canal Caucahué,Canal Caucahué,SIN_GEOMETRIA,648,,,,,,181,si,,"Angostura del canal Caucahué.- Se forma entre 3 la punta Pirquén y la costa al E del puerto Quemchi —por el lado W— y la punta Quéler de la isla Caucahué —por el lado E—, en una extensión de 6 cables"
Canal Quicaví,Canal Quicaví,SIN_GEOMETRIA,,,,,,,185,no,,"Canal Quicaví.- Carta No 7390. Separa la costa E de la isla Chiloé —por el lado W— de las rocas Peligro y la costa W de las islas Cheniao, Mechuque y Añihué de las Chauques Occidentales —por el lado E"
Canal Cheniao,Canal Cheniao,SIN_GEOMETRIA,,,,,,,186,no,,"Canal Cheniao.- Carta No 7390. Separa la costa N de la isla Mechuque y E de la isla Añihué —por el lado S y W— de las rocas Peligro y la costa W de las islas Cheniao, Quetén y Taucolón —por el lado N"
Canal Chauques,Canal Chauques,SIN_GEOMETRIA,1852,,,,,,187,no,,"Canal Chauques.- Carta No 7390. Corre entre las islas de su nombre, separando las islas Chauques Occidentales de las islas Chauques Orientales, es decir, separa los bancos Chauques, del Medio y Pájaro"
Canal Tac,Canal Tac,SIN_GEOMETRIA,3704,,,,,,189,si,,"Canal Tac.- Carta No 7390. Separa la costa S de las islas Añihué y Buta Chauques —por el lado N— del del bajo Dugoab y la costa N de la isla Tac —por el lado S—, en una extención de unas 5 millas en d"
Paso Tenaún,Paso Tenaún,SIN_GEOMETRIA,,,,,,,190,no,,"Paso Tenaún.- Cartas No 7370 y 7390. Separa la costa S de la isla Chiloé en esta parte —por el lado N— de la costa N de las islas Linlín y Quinchao — por el lado S—, en una superficie de casi 10 milla"
Canal Dalcahue,Canal Dalcahue,Canal Dalcahue,1852,,,,,,192,no,,"Canal Dalcahue.- Carta No 7371. Separa la costa E de la isla Chiloé —por el lado W— de la costa N y W de la isla Quinchao —por el lado E—, en una extensión de 9,5 millas, siguiendo un curso tortuoso y"
Canal Quinchao,Canal Quinchao,tmarea_nodos_nauticos_v1.json:E-06|E-07,,,,,,,196,no,,"Canal Quinchao.- Cartas No 7370 y 7390. Separa la costa E de la isla Quinchao —por el lado W— de la costa W de las islas Linlín, Llingua y Quenac y bajo La Barra —por el lado E—, en una extensión Cart"
Canal Hudson,Canal Hudson,SIN_GEOMETRIA,,,,,,,200,si,,"Canal Hudson.- Carta No 7370. Separa la costa SW de la isla Quinchao —por el lado NE— de la costa NE de la isla Chiloé, entre la punta Atal y la punta Aguantao, la costa N de las islas Chelín, Quehui"
Canal Quehui,Canal Quehui,SIN_GEOMETRIA,,,,,,,201,no,,"Canal Quehui.- Carta No 7370. Separa la costa E de la isla Lemuy —por el lado W— de la costa W 4 de las islas Chelín y Quehui —por el lado E— , en una extensión de algo más de 6 millas en dirección ge"
Paso Imelev,Paso Imelev,SIN_GEOMETRIA,,,,,,,203,si,,"Paso Imelev.- Carta No 7390. Separa los fondos sucios y la roca Olsen que despide la punta Chequián, extremo SE de la isla Quinchao, y la pequeña isla Imelev —por el lado W— de las islas Alao y Chauli"
Canal Alao,Canal Alao,SIN_GEOMETRIA,,,,,6.0,,205,no,,"Canal Alao.- Carta No 7390. Separa la costa E de la isla Alao —por el lado W— de la costa W de la isla Apiao —por el lado E—, en una extensión de más de 4 millas en dirección S-N y ofrece un ancho nav"
Canal Chaulinec,Canal Chaulinec,SIN_GEOMETRIA,,,,,,,205,no,,Canal Chaulinec.- Carta No 7390. Separa la costa S de las islas Apiao y Alao —por el lado N— del bajo Chaulinec y la costa N de la isla Chaulinec —por - 7390 - 7392 - 7410  erpetrol.cl - Fecha: 24-07-
Canal Apiao,Canal Apiao,SIN_GEOMETRIA,9260,,,,,,206,si,,"Canal Apiao.- Cartas No 7390 y 7410. Separa la costa E de las islas Apiao y Chaulinec —por el lado 0 W— y la costa W de las islas Chulín, Chuit e Imerquiña —por el lado E—, en una extensión de unas 8"
Canal Llanchid,Canal Llanchid,SIN_GEOMETRIA,,,,,,,211,no,,"Canal Llanchid.- Carta No 7340. Separa la costa continental vecina al E de la punta Quebraolas, la roca Huevo, el acceso al estero Pichicolu y la costa continental al E del citado estero —por el lado"
Canal Llancahué,Canal Llancahué,SIN_GEOMETRIA,,,,,,,213,no,,"Canal Llancahué.- Carta No 7340. Separa las islas Cuchillo, Llanchid, Mutri y Linguar —por el lado 000 - 7340 erpetrol.cl - Fecha: 24-07-2022"
Canal Hornopirén,Canal Hornopirén,tmarea_nodos_nauticos_v1.json:E-R02,,,,,,,214,no,,"Canal Hornopirén.- Carta No 7340. Separa la cos- 0 ta continental de los lados E, N y W de la isla Pelada. Este canal rodea por los lados mencionados a la citada isla, torciendo casi en ángulo recto e"
Canal Cholgo,Canal Cholgo,SIN_GEOMETRIA,,,,,,,216,si,,Canal Cholgo.- Carta No 7340. Separa la costa S de la isla Pelada —por el lado N— de la costa N de la isla Llancahué —por el lado S— y continúa entre la costa E de la isla Llancahué —por el lado W— y
Paso Marilmó,Canal Cholgo,SIN_GEOMETRIA,,,,,,,218,si,,"Paso Marilmó.- Carta No 7340. Separa la costa S de la isla Llancahué —por el lado N— de la costa N de la isla Liliguapi y el islote Ballena —por el lado S—, en una extensión de poco más de 2 millas. E"
Paso Comau,Canal Cholgo,SIN_GEOMETRIA,,,,,,,218,no,,"Paso Comau.- Carta No 7340. Separa la costa S de la isla Liliguapi y del islote Ballena —por el lado N— del morro Comau, extremo N de la península 1 Huequi —por el lado S—, en una extensión de casi 2"
Fiordo Reñihué,Fiordo Reñihué,SIN_GEOMETRIA,,,,,,,225,no,,"Fiordo Reñihué.- Cartas No 7000, 7300 y 7360. Se forma justamente al S de la caleta Buill y sobre la costa continental por el lado SW de la península Huequi. Se interna casi 13 millas en dirección SE"
Canal Desertores,Canal Desertores,SIN_GEOMETRIA,4630,,,,,,230,si,,"Canal Desertores.- Carta No 7410. Separa la costa 0 E del islote Nihuel y de la isla Talcán —por el lado W— de la costa continental entre la punta Refugio y la punta Vilcún —por el lado E—, en una ext"
Golfo Corcovado,Golfo Corcovado,Golfo Corcovado,,,,,,,233,si,,Golfo Corcovado.- Carta No 7400. Es el gran brazo de mar que se abre entre la costa SE de la isla Chiloé y la costa continental comprendida entre la punta Vilcún —por el lado N— y la isla Refugio —por
Canal Abtao,Canal Abtao,SIN_GEOMETRIA,,,,,,,239,si,,"Canal Abtao.- Cartas No 7310 y 7311. Separa el borde E de la península Challahué —por el lado W— de la costa W de la isla Abtao —por el lado E—, en una extensión de unas 2 millas en dirección general"
Canal San Antonio,Canal San Antonio,SIN_GEOMETRIA,,,,,,,241,si,,"Canal San Antonio.- Carta No 7310. Separa la costa continental —por el lado W— de la costa W de la isla Quihua —por el lado E—, en una extensión de 5 millas en dirección general N-S y tiene un ancho m"
Paso Lagartija,Canal San Antonio,SIN_GEOMETRIA,370,,,,,,242,si,,"Paso Lagartija.- Cartas No 7310 y 7311. Separa la costa E de la isla Abtao, bajos destacados al SE de dicha costa, y el bajo Abtao —por el lado W— de la isla Lagartija, el bajo del Medio y el borde W"
Paso Lami,Paso Lami,SIN_GEOMETRIA,926,,,,,,243,no,,"Paso Lami.- Carta No 7310. Separa el veril E del banco Lagartija y el bajo Cola —por el lado W— del borde W del bajo Buta y demás que siguen al SE —por el lado E—, en una extensión de 1,5 millas en di"
Paso Corvio,Paso Corvio,SIN_GEOMETRIA,,,,,,,244,si,,"Paso Corvio.- Carta No 7310. Separa los veriles SE y S del bajo Corvio —por el lado NW— del veril NW de los bajos y arrecifes que despide la punta Polmallelhue, el bajo Culenhue y la roca Granelo —por"
Paso Quihua,Paso Quihua,SIN_GEOMETRIA,,,,,,,245,no,,"Paso Quihua.- Carta No 7310. Separa el veril E de los bajos Quihua y Corvio —por el lado W— de la costa W de la isla Quenu —por el lado E—, en una extensión de casi 1,5 millas en dirección N-S. Es anc"
Canal Caicaen,Canal Caicaen,SIN_GEOMETRIA,,,,,,,245,no,,"Canal Caicaen.- Carta No 7310. Separa la costa continental y los lados SE y S de la isla Quihua —por el lado W— de la costa W de la isla Calbuco —por el lado E—, en una extensión de casi 4,2 millas en"
Canal Quihua,Canal Quihua,SIN_GEOMETRIA,,,,,,,245,no,,"Canal Quihua.- Carta No 7310. Separa la costa E de la isla Quihua —por el lado W— de la costa continental —por el lado E—, en una extensión de casi 7 millas. Comunica el canal San Antonio con el canal"
Paso Quenu,Canal Calbuco,tmarea_nodos_nauticos_v1.json:E-02|E-04,,,,,,,248,no,,"Paso Quenu.- Carta No 7310. Separa la costa S de la isla Calbuco —por el lado N— del bajo Pinto y la costa N de la isla Quenu —por el lado S—, en una extensión de casi 1,5 millas en dirección W-E y pr"
Paso Pilolcura,Canal Calbuco,tmarea_nodos_nauticos_v1.json:E-02|E-04,,,,,,,248,no,,"Paso Pilolcura.- Carta No 7310. Separa la costa E de la isla Quenu —por el lado W— de la costa W de la isla Chidguapi —por el lado E—, en una extensión de casi 2 millas en dirección NNW-SSE. Sus aguas"
Paso Tautil,Paso Tautil,SIN_GEOMETRIA,241,,,,,,257,no,,"Paso Tautil.- Carta No 7310 —Plano. Separa la costa S 4 de la pequeña isla Tautil —por el lado N— de la punta San Ramón —por el lado S—, en una extensión de casi 1 milla en dirección E-W y ofrece un a"
Paso Pilolcura,Golfo Ancud,Golfo de Ancud,,,,,,,261,no,,"Paso Pilolcura.- Si se ha de continuar por el paso Pilolcura, una vez sobrepasado el bajo Culenhue, 0 caer a estribor, rodeando este escollo a no menos de 4,6 cables, hasta el rumbo 095º para pasar al"
Canal Calbuco,Canal Calbuco,tmarea_nodos_nauticos_v1.json:E-02|E-04,,,,,,,261,no,,"Canal Calbuco.- Al aproximar a las inmediaciones de la punta Meimén, caer a babor hasta el 035º para pasar al SE y 6 cables de la misma punta Meimén y, más adelante, a 4,7 cables de la punta Aichú. Sa"
Paso Tautil,Golfo Ancud,Golfo de Ancud,,,,,,,261,no,,"Paso Tautil.- Finalmente tomar el paso Tautil, cayendo a estribor al rumbo 090º para pasar al N y 1,3 cables de la punta San Ramón, es decir, un tanto al S del medio freo en la parte más angosta, entr"
Paso Tautil,Golfo Ancud,Golfo de Ancud,,,,,,,262,no,261,"Paso Tautil.- Aproximando al paso Tautil navegando por el paso Guar con rumbo S pasar al E y no menos de 6 cables del borde E de la isla Tautil, para precaverse de las rocas Tautil, destacadas al E de"
Canal Calbuco,Canal Calbuco,tmarea_nodos_nauticos_v1.json:E-02|E-04,,,,,,,262,no,261,"Canal Calbuco.- Salvado el paso Tautil, corregir poco a poco el rumbo a babor hasta el 235º para pasar al NW y 3 cables de la punta Chaco. Así, se 3 evitará caer en el banco San Agustín y obstrucción"
Paso Pilolcura,Golfo Ancud,Golfo de Ancud,,,,,,,262,no,261,"Paso Pilolcura.- Si se ha de continuar por el paso Pilolcura, una vez sobrepasada la punta Aichú, enmendar el rumbo a babor hasta el 180º para pasar al W y 3 cables de las puntas Blanca y Quiecho que"
Seno Reloncaví,Seno Reloncaví,Seno Reloncavi,,,,,,,263,no,175,"Seno Reloncaví.- Carta No 7320. Es el extenso brazo de mar que se abre hacia el N del golfo de Ancud, entre la punta Perhue de la isla Puluqui —por el lado W— y la punta Trentelhué de la costa contine"
Paso Queullín,Paso Queullín,SIN_GEOMETRIA,,,,,,,264,si,,"Paso Queullín.- Carta No 7300. Separa la costa E de la isla Puluqui, vecina a la punta Perhue —por el lado W— de la costa W de la isla Queullín y veril W del banco San José —por el lado E—, en una ex-"
Paso Nao,Seno Reloncaví,Seno Reloncavi,1019,,,,,,266,si,,"Paso Nao.- Carta No 7320. Separa la costa W de la isla Nao —por el lado E— de la costa E de la isla Queullín —por el lado W—, en una extensión de poco más de 1,5 millas en dirección SW-NE. Es angosto,"
Paso Tautil,Seno Reloncaví,Seno Reloncavi,241,,,,,,282,no,,"Paso Tautil.- Carta No 7310 —Plano. Se forma al NW y 8,3 millas de la punta Perhue y separa la costa S de la pequeña isla Tautil —por el lado N— de la punta San Ramón —por el lado S—, en una extensión"
Paso Guar,Paso E Isla Guar,SIN_GEOMETRIA,3148,,,,,,283,no,,"Paso Guar.- Cartas No 7310 y 7320. Separa la cos- 1 ta continental comprendida entre la isla Huelmo y la punta Guatral —por el lado W— de la costa W de las islas Malliña y Guar —por el lado E—, en una"
Paso Maillén,Paso E Isla Maillén,SIN_GEOMETRIA,,,,,,,287,si,,"Paso Maillén.- Cartas Nos 7320 y 7322. Separa la 4 costa continental en las cercanías de la punta Panitao —por el lado W— de la costa NW y W de la isla Maillén —por el lado E—, en una extensión aproxi"
Canal Tenglo,Canal Tenglo,tmarea_nodos_nauticos_v1.json:E-01|E-02,,11.0,,,,,291,si,,"Canal Tenglo.- Carta No 7321 —Plano. Separa la costa continental —por el lado N— y la costa N y NW de la isla Tenglo —por el lado S—, en una extensión de unas 3 millas en dirección general SW- NE, sig"
Golfo Corcovado,Golfo Corcovado,Golfo Corcovado,33336,,,,,,297,si,233,Golfo Corcovado.- Carta No 7400. Es el gran brazo de mar que se forma entre la costa SE de la isla Chiloé y la costa continental comprendida entre la punta Vilcún —por el lado N— y la isla Refugio —po
Canal Refugio,Canal Refugio,SIN_GEOMETRIA,,,,,,,315,si,,Canal Refugio.- Cartas Nos 8211 y 8221. Separa la costa S de la isla Yalac y la costa S y luego E de la isla Refugio —por el lado N y W— de la costa N de la península Melimoyu y la costa E continental
Canal Lemuy,Canal Lemuy,SIN_GEOMETRIA,,,,,,,317,si,,"Canal Lemuy.- Carta No 7370. Separa la costa N de la isla Lemuy —por el lado S— de la costa E de la isla Chiloé, entre las puntas Aguantao y el extremo S de isla Linlinao, en una extensión de unas 6,7"
Canal Quehui,Canal Quehui,SIN_GEOMETRIA,,,,,,,317,si,201,"Canal Quehui.- Carta No 7370. Separa la costa E de la isla Lemuy —por el lado W— de la costa W de las islas Chelín y Quehui —por el lado E—, en una extensión de poco más de 6 millas en dirección 0 med"
Canal Yal,Canal Yal,SIN_GEOMETRIA,,,,,,,321,no,,Canal Yal.- Cartas No 7370 y 7430. Separa la costa W y parte de la costa S de la isla Lemuy —por 370 - 7372 - 7374 erpetrol.cl - Fecha: 24-07-2022
Canal Queilén,Canal Queilén,SIN_GEOMETRIA,,,,,,,328,si,,"Canal Queilén.- Carta No 7432. Separa la gran abra de la costa E de la isla Chiloé, comprendida entre las puntas Queilén y Cuello —por el lado W— de la costa N, W y SW de la parte W de la isla Tranqui"
Canal Chaiguao,Canal Chaiguao,SIN_GEOMETRIA,,,,,,,335,si,,Canal Chaiguao.- Cartas No 7400 y 7440. Separa la costa N y E de la isla Cailín —por los lados S y W— de la costa S de la isla Chiloé en esta parte y el veril W del banco Chaiguao —por los lados N y E
Canal Yelcho,Canal Yelcho,Canal Yelcho,556,,,,,,337,si,,"Canal Yelcho.- Cartas No 7400 y 7440. Separa la costa E de la isla Laitec —por el lado W— del veril S del bajo Velahue y la costa W de la isla Cailín —por el lado E, en una extensión de unas 6 millas"
Canal Coldita,Canal Coldita,SIN_GEOMETRIA,,,,,,,338,si,,"Canal Coldita.- Carta No 7440.- Separa la costa W de las islas Coldita y Mauchil —por el lado E— de la costa E de la isla Chiloé —por el lado W—, en una extensión de unas 7 millas en dirección general"
Canal Laitec,Canal Laitec,tmarea_nodos_nauticos_v1.json:E-10,,,,,,,338,no,,Canal Laitec.- Cartas No 7400 y 7440. Separa la costa W de la isla Laitec —por el lado E— de la - 7400 - 7440 erpetrol.cl - Fecha: 24-07-2022
Canal San Pedro,Canal San Pedro,SIN_GEOMETRIA,,,,,5.0,,343,si,,"Canal San Pedro.- Cartas No 7432 y 7440. Separa 0 la costa S de la isla Chiloé —por el lado N— de la costa N de la isla San Pedro —por el lado S—, en una extensión de unas 6 millas en dirección E-W y"
Canal Guamblad,Canal Guamblad,SIN_GEOMETRIA,,,,,7.0,,344,si,,"Canal Guamblad.- Carta No 7500. Separa la costa E de la isla Chiloé —por el lado W— de la costa W de la isla San Pedro —por el lado E—, en una extensión de unas 5 millas en dirección general NW-SE; au"
Boca del Guafo,Boca Guafo,SIN_GEOMETRIA,29632,,,,,,345,si,148,Boca del Guafo.- Carta No 7500. Es el gran brazo de mar que se interna hacia el E de la isla Guafo y entre la costa S de la isla Chiloé —por el lado N— y el borde N de las islas Guaitecas —por el lado
Boca del Guafo,Boca Guafo,SIN_GEOMETRIA,29632,,,,,,349,si,148,"Boca del Guafo.- Cartas No 7000, 7500 y 7510. Es el gran brazo de mar que se interna hacia el E de la isla Guafo y entre la costa S de la isla Chiloé —por el lado N— y el borde N del archipiélago Guai"
Canal Quilán,Canal Quilán,SIN_GEOMETRIA,,,,,,,350,no,,"Canal Quilán.- Cartas Nos 7500 y 7510. Separa la costa S de la isla Chiloé, comprendida entre el cabo Doce 3 de Febrero y la isla Yencouma —por el lado N— del borde N de la isla Quilán y los islotes E"
Golfo Corcovado,Golfo Corcovado,Golfo Corcovado,33336,,,,,,354,si,233,Golfo Corcovado.- Carta No 7400. Es el gran brazo de mar que se forma entre la costa SE de la isla Chiloé y la costa continental comprendida entre la punta Vilcún —por el lado N— y la isla Refugio —po
Canal Puquitín,Canal Puquitín,SIN_GEOMETRIA,,,,,,,359,si,,"Canal Puquitín.- Carta No 8100. Separa la costa S de la isla Guaiteca en esta parte —por el lado N— de 0 la costa N de la isla Ascensión —por el lado S—, en una extensión de unas 6 millas en dirección"
Canal Lagreze,Canal Lagreze,SIN_GEOMETRIA,,,,,,,360,no,,"Canal Lagreze.- Cartas No 8100 y 8111. Separa la costa S de la isla Ascensión —por el lado N— de la costa N de la isla Clotilde —por el lado S—, en una extensión de como 4 millas en dirección general"
Canal Leucayec,Canal Leucayec,SIN_GEOMETRIA,1296,,,,,,362,si,,"Canal Leucayec.- Carta No 8100. Separa la costa E de las islas Mercedes y Anita, el islote Carbunco y la isla Betecoi —por el lado W— de la costa W de 0 las islas Günther, Emma, Leucayec y Laurel —por"
Canal Carbunco,Canal Carbunco,SIN_GEOMETRIA,,,,,4.0,,363,no,,"Canal Carbunco.- Cartas No 8100 y 8111. Separa la costa E de la isla Clotilde —por el lado W— de la costa W del islote Restinga, la isla Mercedes, el islote Toro y las islas Anita y Fresia —por el lad"
Canal Betecoi,Canal Betecoi,SIN_GEOMETRIA,,,,,,,363,si,,"Canal Betecoi.- Carta No 8100. Separa la costa S de las islas Clotilde y Fresia —por el lado N— de la costa N de la isla Betecoi —por el lado S—, en una extensión de unas 6 millas en dirección general"
Canal Cuervo,Canal Cuervo,SIN_GEOMETRIA,,,,,,,363,no,,"Canal Cuervo.- Carta No 8100. Separa la costa E de la isla Guaiteca en esta parte —por el lado W— de la costa W de la isla Betecoi —por el lado E—, en una extensión de casi 3 millas en dirección gener"
Canal Manzano,Canal Manzano,SIN_GEOMETRIA,,,,,,,364,si,,"Canal Manzano.- Carta No 8100. Separa la costa W de las islas Luisa, Tea y Julia —por el lado N— de la costa NE de las islas Günther y Leucayec —por el lado S—, en una extensión de unas 4 millas en 4"
Canal Moraleda,Canal Moraleda,Canal Moraleda,11112,,,,,,364,no,,"Canal Moraleda.- Carta No 8400. Es el vasto canal que separa el archipiélago Chonos —por el lado W— de la costa continental —por el lado E—, en una extensión de 90 millas en dirección N-S y presenta u"
Paso Guaitecas,Paso Guaitecas,SIN_GEOMETRIA,,,,,,,365,no,,"Paso Guaitecas.- Carta No 8100.- Separa la costa 0 S del islote Murta y la isla Guaiteca —por el lado N— de la costa N de las islas Bajas —por el lado S—, en una extensión de 6,6 millas en dirección W"
Canal Tuamapu,Canal Tuamapu,SIN_GEOMETRIA,,,,,,,366,si,,"Canal Tuamapu.- Carta No 8100. Separa la costa S de las islas Bajas, Guaiteca y Betecoi —por el lado N— de la costa N de las islas que le siguen al S del archipiélago Chonos, como las islas Tuamapu, R"
Paso Santa Isabel,Canal Tuamapu,SIN_GEOMETRIA,,,,,,,369,no,,"Paso Santa Isabel.- Carta No 8100. Separa la costa S de las islas Cuervo y Betecoi y de los islotes Pochas —por el lado N— de los peligros desprendidos al N de los islotes Gemelos —por el lado S—, en"
Canal Pérez Norte,Canal Pérez Norte,SIN_GEOMETRIA,,,,,,,370,si,,"Canal Pérez Norte.- Cartas No 8100 y 8300. Separa la costa E de las islas Sin Nombre y Amortajado, el islote Peinado, las islas Gusano, Concoto, Navarro, Elena, Valverde y Jéchica, y los islotes Direc"
Canal Luchero,Canal Luchero,SIN_GEOMETRIA,,,,,,,370,no,,"Canal Luchero.- Cartas No 8100 y 8300. Separa la costa S de los islotes Abundancia y Ostras, las Islas Sierra, Carimonei y Amita —por el lado N— de la 100 - 8300 - 8400 erpetrol.cl - Fecha: 24-07-2022"
Paso Chacao,Paso Chacao,SIN_GEOMETRIA,,,,,,,371,no,,"Paso Chacao.- Cartas No 8100 y 8300. Separa la costa S de la isla Leucayec —por el lado N— de los islotes y rocas desprendidos de la costa N de las islas Perro, Verdugo y Serrano —por el lado S—, en u"
Canal Costa Quila,Canal Costa Quila,SIN_GEOMETRIA,,,,,,,372,si,,"Canal Costa Quila.- Cartas No 8300 y 8400. Separa la costa SE de las islas Leucayec y Elvira —por el lado NW— de la costa N de las islas Sánchez y Mulchey —por el lado SE—, en una extensión de poco má"
Canal Bernal,Canal Bernal,SIN_GEOMETRIA,,,,,,,372,no,,"Canal Bernal.- Carta No 8300. Separa la costa E de la isla Sánchez —por el lado W— de la costa W de la isla Mulchey —por el lado E—, en una extensión de casi 3 millas en dirección N-S y, si bien no pr"
Canal Avellano. Acceso E,Canal Pihuel,SIN_GEOMETRIA,,,,,,,373,si,,"Canal Avellano. Acceso E.- Carta No 8300. Separa 1 la costa S de la isla Concoto —por el lado N— de la costa N de las islas Navarro y Chaffers —por el lado S—, en una extensión de poco más de 8,5 mill"
Canal Pihuel,Canal Pihuel,SIN_GEOMETRIA,,,,,,,373,si,,"Canal Pihuel.- Cartas No 8100, 8300 y 8400. Separa la costa S de las islas Verdugo y Serrano —por el lado N— de la costa N de las islas Chipana, Aguayo, Lagarto y García — por el lado S—, en una exten"
Canal Islas Verdes. Acceso E,Canal Pihuel,SIN_GEOMETRIA,,,,,,,373,si,,"Canal Islas Verdes. Acceso E.- Carta No 8300. Separa la costa S de las islas Elena y Cárceles —por el lado N— de la costa N de las islas Valverde y Basilio —por el lado S—, en una extensión de poco má"
Canal Piure,Canal Piure,SIN_GEOMETRIA,,,,,,,374,no,,"Canal Piure.- Cartas No 8100, 8300 y 8400. Separa los peligros destacados al S de la isla Garrao Chico y la costa S de las islas cercanas al S de la isla García —por el lado N— de la costa N de las is"
Canal Pajalito. Acceso E,Canal Pajalito,SIN_GEOMETRIA,,,,,,,374,si,,"Canal Pajalito. Acceso E.- Cartas No 8200 y 8300. Separa la costa S de las islas Chaffers, Basilio y Valverde —por el lado N— de la costa N de las islas 0 Rojas y Pen Davis —por el lado S—, en una ext"
Canal Chipana,Canal Chipana,SIN_GEOMETRIA,,,,,,,375,si,,"Canal Chipana.- Cartas No 8300 y 8400. Separa la costa SW del islote Copihue y la isla Filomena —por el lado N— de la costa N de la isla Francisco —por el lado S—, en una extensión de unas 4 millas en"
Canal Baeza,Canal Baeza,SIN_GEOMETRIA,,,,,,,375,si,,"Canal Baeza.- Carta No 8300. Separa la costa S de la isla Jéchica —por el lado N— de la costa N de las islas Mercedes, Marta, Mazote y Matilde —por el lado S—, en una extensión de unas 7,5 millas en d"
Canal Pérez Sur,Canal Pérez Sur,SIN_GEOMETRIA,,,,,,,378,si,,"Canal Pérez Sur.- Cartas No 8300 y 8400. Separa la costa E de las islas Tahuenahuec, Carmencita, Gertrudis, Brieva, Benjamín, Jesús, Topaze, Teresa 1 y Cuneo, el islote Cervantes y las islas Galvarino"
Golfo Lobada de Quetros,Golfo Lobada de Quetros,SIN_GEOMETRIA,,,,,,,378,si,,"Golfo Lobada de Quetros.- Carta No 8300. Se forma hacia el S de las islas Mercedes, Marta y Baeza y al N de la costa NW de la isla Cuptana, frente al 0 acceso E del canal King. Es una amplia ensenada"
Canal King. Acceso E,Canal Pérez Sur,SIN_GEOMETRIA,,,,,,,378,no,,"Canal King. Acceso E.- Cartas No 8200 y 8300. Separa la costa S de las islas Level, lzaza, y Tahuenahuec y Carmencita —por el lado N— de la costa N de las islas Ipún, Stokes, Benjamín y Gertrudis — po"
Canal Bynon. Acceso E,Canal Pérez Sur,SIN_GEOMETRIA,,,,,,,380,si,,"Canal Bynon. Acceso E.- Cartas No 8200 y 8300. Separa la costa S de la isla Benjamín —por el lado N— de la costa N de la isla Jorge, las islas Lances Nuevos y la isla Jesús —por el lado S—, en una ex-"
Canal Temuán,Canal Temuán,SIN_GEOMETRIA,,,,,,,380,si,,"Canal Temuán.- Cartas No 8300 y 8400. Separa la costa S de las islas Cuptana y Sierra —por el lado N— de la costa N de la isla Tránsito —por el lado S—, en una extensión de unas 7,5 millas en direcció"
Canal Tránsito,Canal Tránsito,SIN_GEOMETRIA,,,,,,,381,si,,"Canal Tránsito.- Cartas No 8300 y 8400. Separa la costa W y S de la isla Tránsito —por el lado NE— de la costa E de las islas Soria, Florencia y Ram- 0 sés II y N de las islas Canal y Lalanca —por el"
Paso Pajal,Canal Pérez Sur,SIN_GEOMETRIA,,,,,,,384,no,,"Paso Pajal.- Carta No 8100. Separa la costa S de la isla Casa Cuero e islotes destacados al E de ella y la isla Riquelme —por el lado N— de la costa N de la isla Arthur —por el lado S—, en una extensi"
Paso Simbrad,Canal Pérez Sur,SIN_GEOMETRIA,,,,,,,384,no,,"Paso Simbrad.- Carta No 8100. Separa la costa S de la isla Arthur —por el lado N— de la costa N de la isla Mellersh —por el lado S—, en una extensión de algo más de 8 millas en dirección W-E y present"
Paso Huarro,Paso Huarro,SIN_GEOMETRIA,,,,,,,385,no,,"Paso Huarro.- Carta No 8100. Separa la costa S de la isla Mellersh —por el lado N— de la costa N de la isla Midhurst —por el lado S—, en una extensión de algo más de 8 millas en dirección media WNW- 0"
Paso Senarega,Paso Huarro,SIN_GEOMETRIA,,,,,,,386,no,,"Paso Senarega.- Carta No 8200. Separa la costa S de las islas Boya y Midhurst —por el lado N— de la costa N de las islas Gentiles y May —por el lado S—, en una extensión de como 6 millas en dirección"
Paso Jesuitas,Paso Huarro,SIN_GEOMETRIA,,,,,,,386,no,,"Paso Jesuitas.- Cartas No 8100 y 8200. Separa la costa S de la isla Bustos —por el lado N— de la costa N de las islas Travieso y Téllez —por el lado S—, en una extensión de casi 3 millas en dirección"
Paso Playa Bonita,Paso Huarro,SIN_GEOMETRIA,,,,,,,386,no,,"Paso Playa Bonita.- Carta No 8200. Separa la costa S de las islas Gentiles y May —por el lado N— de la costa N de la isla Forsyth —por el lado S—, en una extensión de casi 6,5 millas en dirección W-E"
Canal Alanta,Canal Alanta,SIN_GEOMETRIA,,,,,,,387,no,,"Canal Alanta.- Cartas No 8100, 8200 y 8300.- Se- 0 para la costa E de las islas Morel, Goicolea, Bustos, Téllez y Bolados —por el lado W— de la costa W de las islas Concoto, Chaffers y Rojas —por el l"
Canal Avellano. Acceso W,Canal Alanta,SIN_GEOMETRIA,,,,,,,387,si,,"Canal Avellano. Acceso W.- Cartas No 8200 y 8300. Separa la costa S de la isla Concoto —por el lado N— de la costa N de las islas Chaffers y Navarro —por el lado S—, en una extensión de poco más de 8,"
Canal Cruces,Canal Cruces,SIN_GEOMETRIA,,6.6,,,,,388,no,,"Canal Cruces.- Carta No 8300. Separa la costa S de las islas Chaffers y Navarro —por el lado N— de la costa N de las islas Basilio y Cárceles —por el lado S—, en una extensión de casi 7,5 millas sigui"
Canal Pajalito,Canal Pajalito,SIN_GEOMETRIA,,,,,,,388,si,,"Canal Pajalito.- Cartas No 8200 y 8300. Separa la costa S de las islas Chaffers, Basilio y Valverde —por el lado N— de la costa N de las islas Rojas y Pen Davis —por el lado S—, en una extensión de po"
Canal Picalito,Canal Picalito,SIN_GEOMETRIA,,,,,,,388,no,,"Canal Picalito.- Carta No 8300. Separa la parte N de costa E de la isla Rojas —por el lado W— de la costa W de la isla Pen Davis —por el lado E—, en una extensión de casi 2,5 millas en dirección gener"
Canal Skorpios,Canal Skorpios,SIN_GEOMETRIA,,,,,,,388,si,,"Canal Skorpios.- Carta No 8300. Separa la costa E de de la parte S de la isla Rojas y de la isla Pen Davis —por el lado W— de la costa W de la isla Jéchica —por el lado E—, en una extensión de poco má"
Canal Simpson,Canal Simpson,SIN_GEOMETRIA,,,,,,,389,si,,"Canal Simpson.- Cartas No 8200 y 8300. Separa la costa S de las islas Broken, Johnson, Bolados, Alex y Rojas —por el lado N— de la costa N de las islas Level y Tahuenahuec —por el lado S—, en una exte"
Canal Chaffers,Canal Chaffers,SIN_GEOMETRIA,,,,,,,389,no,,"Canal Chaffers.- Cartas No 8100 y 8200. Separa la costa E de las islas Riquelme, Arthur, Mellersh, Midhurst, Dalca, May, Forsyth, Johnson, Level e Izaza —por el lado W— de la costa W de las islas Llan"
Canal King,Canal King,SIN_GEOMETRIA,,,,,,,390,no,,"Canal King.- Cartas No 8200 y 8300. Separa la costa S de las islas Level, lzaza, y Tahuenahuec y Carmencita —por el lado N— de la costa N de las islas Ipún, Stokes, Benjamín y Gertrudis —por el lado S"
Paso Lautaro,Canal King,SIN_GEOMETRIA,,,,,,,390,no,,"Paso Lautaro.- Carta No 8200. Separa la costa S y E de los islotes Elvirita —por los lados N y W— de la costa N de la isla Benjamín y los islotes Le May —por los lados S y E—, en una extensión de cómo"
Canal Carrera Oscura,Canal Carrera Oscura,SIN_GEOMETRIA,,,,,,,391,no,,"Canal Carrera Oscura.- Carta No 8300. Separa la costa SE de la isla Gertrudis —por el lado N— de 4 la costa NE de la isla Benjamín —por el lado S—, en una extensión de cómo 5 millas en dirección WNW-E"
Paso Cape Horn,Canal King,SIN_GEOMETRIA,,,,,,,394,no,,"Paso Cape Horn.- Carta No 8200. Separa la costa S de la isla Stokes —por el lado N— de la costa N de la isla Rowlett —por el lado S—, en una extensión de cómo 6 millas. En su acceso E se encuentran lo"
Canal Memory,Canal Memory,SIN_GEOMETRIA,2778,,,,,,395,si,,"Canal Memory.- Carta No 8200. Separa la costa E de la isla Stokes, los islotes Bolivar y Carneyro y la isla Rowlett —por el lado W— de la costa W de la isla Benjamín —por el lado E—, en una extensión"
Canal Goñi,Canal Goñi,SIN_GEOMETRIA,,,,,,,395,no,,"Canal Goñi.- Cartas No 8200 y 8300. Separa la costa SE de las islas Williams, el islote Lientur y la isla Lautaro y la costa S de la isla Jorge —por el lado N— de la costa NW y N de la isla James —por"
Paso Sola,Canal Ciriaco,SIN_GEOMETRIA,,,,,,,396,no,,"Paso Sola.- Carta No 8200.- Separa la costa SE de las islas Lientur y Lautaro —por el lado NW— del borde NW de la isla James —por el lado SE—, en una extensión de casi 3 millas en dirección SW-NE y pr"
Canal Ciriaco,Canal Ciriaco,SIN_GEOMETRIA,926,,,,,,396,si,,Canal Ciriaco.- Cartas No 8160 y 8300. Separa la costa NE y E de la isla Jorge y E de la isla Ja- Cartas: 8000 - 81   AS A LOS NAVEGANTES DEL MES DE MARZO DE 2023. CIRIACO (3002) VIII-1-39 mes —por el
Paso Sucio y canal Prorromant,Paso Sucio,SIN_GEOMETRIA,,,,,,,398,si,,"Paso Sucio y canal Prorromant.- Carta No 8720. El paso Sucio separa la costa E de la isla Menchuán —por el lado W— de la costa W de isla Tenquehuén—por el lado E—, en una extensión de casi 3 millas en"
Seno Burns,Seno Burns,SIN_GEOMETRIA,,,,,,,400,no,,Seno Burns.- Carta No 8800. Se forma al S y 9 millas del cabo Taitao y sobre la costa W de la península Taitao. Se interna casi 10 millas en dirección E y termina en dos angostos esteros. Es de costas
Seno Cornish,Seno Cornish,SIN_GEOMETRIA,741,,,,,,400,si,,Seno Cornish.- Carta No 8800. Se forma entre la costa E y S de la península Skyring y la costa continental. Se interna en el continente por más de 22 millas y forma tres esteros secundarios. Su acceso
Seno Auxilio,Seno Auxilio,SIN_GEOMETRIA,,,,,,,400,si,,Seno Auxilio.- Carta No 8800. Se forma al ENE y unas 7 millas de las islas Usborne y al SE de la entrada del seno Cornish. Se interna al SE y unas 6 millas en la península de Taitao. Unas 3 millas al
Seno Alejandro,Seno Alejandro,SIN_GEOMETRIA,,,,,,,401,si,,Seno Alejandro.- Carta No 8800. Se forma al SW y 7 millas del seno Auxilio y sobre la costa W de la pe- 1 nínsula Taitao. Se interna unas 6 millas en dirección SE. En el centro de la entrada del seno
Golfo de Penas,Golfo Penas,SIN_GEOMETRIA,,,,,,,407,si,,Golfo de Penas.- Carta No 8800. Se forma justamente al S del cabo Tres Montes y sobre la costa continental. Es una gran extensión de mar que abarca desde el paralelo 46º 59' S hasta el paralelo 47º 40
Canal Ninualac,Canal Ninualac,SIN_GEOMETRIA,,,,,,,409,no,,"Canal Ninualac.- Carta No 8160. Separa la costa S; de las islas James y Teresa —por el lado N— de la costa N de las islas Kent, Melchor, Chalacayec, 0 Tangbac y Silachilu —por el lado S—, en una exten"
Canal Pichirupa. Parte N,Canal Ninualac,SIN_GEOMETRIA,,,,,,,410,si,,"Canal Pichirupa. Parte N.- Carta No 8160. Separa la costa E de la isla Kent —por el lado W— de la costa W de la isla Melchor —por el lado E—, en una extensión de unas 6 millas en dirección general N-S"
Paso Tangbac. Acceso N,Canal Ninualac,SIN_GEOMETRIA,1852,,,,,,413,si,,"Paso Tangbac. Acceso N.- Cartas No 8160, 8400 y 8620. Separa la costa E de la isla Chalacayec y la costa NE de la isla Melchor —por los lado W y 0 SW— de la costa W y SW de las islas Tangbac y Dar —po"
Canal Antonio,Canal Antonio,SIN_GEOMETRIA,,,,,,,419,si,,"Canal Antonio.- Carta No 8720. Separa la costa E de las islas Puyó y Tenquehuén —por el lado W— de la costa W de la isla Clemente —por el lado E—, en una extensión de unas 10 millas en dirección gener"
Canal Darwin,Canal Darwin,SIN_GEOMETRIA,,,,,,,419,si,,"Canal Darwin.- Cartas No 8630 y 8700. Separa la costa S de las islas Auchilú, lsquiliac, Veneria, Italia, Palumbo y Quemada —por el lado N— de la costa N de las islas Garrido, Rivero, Marcacci, Canigl"
Canal Williams. Parte N,Canal Williams,SIN_GEOMETRIA,,,,,,,420,si,,"Canal Williams. Parte N.- Cartas No 8631 y 8700. Separa la costa E de las islas Garrido, Clemente y 1 Borrowman —por el lado W— de la costa W de las islas Rivero, Burr, Brown, Pablo, Guerrero y Allan"
Canal Utarupa. Acceso N,Canal Darwin,SIN_GEOMETRIA,,,,,,,421,si,,"Canal Utarupa. Acceso N.- Cartas No 8630 y 8640. Separa la costa E de la isla Rivero —por el lado W— de la costa W de las islas Matilde, Blancas, Oelkers y Lucía —por el lado E—, en una extensión de c"
Canal Unicornio,Canal Unicornio,SIN_GEOMETRIA,,,,,,,421,no,,"Canal Unicornio.- Carta No 8630. Separa la costa 0 NE y E de la isla Isquiliac —por el lado W— de la costa SW de la isla Dring y la costa W de la isla Veneria —por el lado E—, en una extensión de casi"
Canal Pichirupa. Parte S,Canal Darwin,SIN_GEOMETRIA,,,,,,,423,no,,Canal Pichirupa. Parte S.- Carta No 8630. Separa la costa E de las islas Italia y Dring —por el lado W— de varias islas e islotes desmembrados próximos al W de esta parte de la isla Victoria y la isla
Canal Carrera del Cuchi. Acceso W,Canal Darwin,SIN_GEOMETRIA,,,,,,,425,no,,"Canal Carrera del Cuchi. Acceso W.- Carta No 8630. Se denomina así, al canal que partiendo del canal Darwin justamente hacia el NE y frente al puerto ltaliano, corre por los lados NW y N de la isla Pa"
Canal Utarupa,Canal Utarupa,SIN_GEOMETRIA,1852,,,,,,434,si,,"Canal Utarupa.- Cartas No 8630 y 8640. Separa la costa E de la isla Rivero —por el lado W— de la costa W de las islas Matilde, Blancas, Oelkers y Lucía —por el lado E—, en una extensión de unas 9 mill"
Canal de acceso,Canal Acceso,tmarea_nodos_nauticos_v1.json:E-15|E-16,278,,,,,,441,no,,Canal de acceso.- El canalizo de entrada al puerto Refugio queda entre la roca sumergida destacada Cartas: 8000   AS A LOS NAVEGANTES DEL MES DE MARZO DE 2023. REFUGIO (3002) VIII-2-33 al NNE de la is
Boca Wickham,Boca Wickham,SIN_GEOMETRIA,3704,,,,,,443,si,,"Boca Wickham.- Carta No 8720. Se forma entre el lado S de las islas Clemente y Guerrero y la costa 3 continental, próxima al S. Esta boca —llamada originalmente estero Wickham— abarca desde el límite"
Canal Williams. Parte S,Boca Wickham,SIN_GEOMETRIA,,,,,,,445,si,,"Canal Williams. Parte S.- Cartas No 8720 y 8700. Separa entre la costa E de la islas Garrido, Clemente y Borrowman —por el lado W— de la costa W de las islas Allan, Guerrero, Pablo, Brown, Burr y Rive"
Canal Pulluche,Canal Pulluche,SIN_GEOMETRIA,,,,,,,448,no,,"Canal Pulluche.- Carta No 8640. Separa la costa SE de las islas Guerrero y Rivero —por el lado NW— de la isla Ricardo, la costa N de la isla Prieto 2 y la costa NW y N de la isla Salas —por el lado SE"
Canal Abandonados,Canal Abandonados,SIN_GEOMETRIA,,,,,,,448,si,,"Canal Abandonados.- Carta No 8640. Separa la costa S de la isla Prieto —por el lado N— de la costa N de la península de Taitao en esta parte —por el lado S—, en una extensión de unas 4,5 millas en dir"
Canal Alejandro,Canal Alejandro,SIN_GEOMETRIA,,,,,,,449,si,,"Canal Alejandro.- Carta No 8640. Separa la costa W y S de la isla Salas de la costa E de la isla Prieto y la costa N de la península de Taitao, tiene una extensión de unas 11 millas. Es angosto tal co"
Canal Chacabuco,Canal Chacabuco,tmarea_nodos_nauticos_v1.json:E-17,,,,,,,454,no,,"Canal Chacabuco.- Carta No 8640. Separa la costa 1 S de las islas Lucía, Oelckers y Humos y la costa SW de la isla Rojas —por el lado N— y la costa N de las islas Salas, Canquenes, Fitz Roy, Piuco y M"
Canal Utarupa. Acceso S,Canal Chacabuco,tmarea_nodos_nauticos_v1.json:E-17,,,,,,,454,si,,"Canal Utarupa. Acceso S.- Cartas No 8630 y 8640. Separa la costa E de la isla Rivero —por el lado W— de la costa W de las islas Matilde, Blancas, Oelkers y Lucía —por el lado E—, en una extensión de u"
Paso Canquenes,Canal Chacabuco,tmarea_nodos_nauticos_v1.json:E-17,,,,,,,454,si,,"Paso Canquenes.- Carta No 8640. Separa la costa E de la isla Salas —por el lado W— de las islas Canquenes —por el lado E—, en una extensión de unas 5 millas en dirección media NNW-SSE. Es 0 pedregoso,"
Canal Carrera del Diablo,Canal Carrera del Diablo,SIN_GEOMETRIA,,,,,,,454,si,,"Canal Carrera del Diablo.- Cartas No 8640 y 8660. Separa la costa W de la isla Fitz Roy —por el lado E— de la costa E de la península de Taitao en esta parte y la isla Stewart —por el lado W—, en una"
Canal Última Esperanza,Canal Última Esperanza,SIN_GEOMETRIA,,,,,,,455,si,,"Canal Última Esperanza.- Carta No 8660. Separa la costa W de la isla Goñi —por el lado E— de la costa NE de la península de Taitao —por el lado W—, en una extensión de unas 5 millas en dirección 2 NE-"
Canal Errázuriz,Canal Errázuriz,SIN_GEOMETRIA,,,,,,,457,no,,"Canal Errázuriz.- Cartas No 8630, 8640 y 8650. Separa la costa E de las islas Luz y Humos —por el lado W— de la costa W de las islas Traiguén y Rojas y varias islas pequeñas e islotes destacados de la"
Canal Renjifo,Canal Renjifo,SIN_GEOMETRIA,,,,,,,457,no,,"Canal Renjifo.- Cartas No 8640 y 8650. Separa la costa SE de las islas Piuco y Pangal, vecina al S, —por el lado W— de la costa NW de la isla Mc. 0 Pherson —por el lado E—, en una extensión de casi 3,"
Paso Tres Cruces,Canal Chacabuco,tmarea_nodos_nauticos_v1.json:E-17,,,,,,,460,si,,"Paso Tres Cruces.- Carta No 8650. Separa el borde S de la isla Rojas, la punta W de la isla Paty y Cartas: 8000   AS A LOS NAVEGANTES DEL MES DE MARZO DE 2023. TA CANAL CHACABUCO Cap. VIII Baliza lumi"
Canal Moraleda,Canal Moraleda,Canal Moraleda,11112,,,,,,462,si,364,"Canal Moraleda.- Carta No 8400. Es el vasto canal que separa los archipiélagos Guaitecas y Chonos —por el lado W— de la costa continental —por el lado E—, en una extensión de unas 90 millas en direcci"
Canal Manzano. Acceso SE,Canal Moraleda,Canal Moraleda,,,,,,,463,si,,"Canal Manzano. Acceso SE.- Carta No 8100. Separa la costa W de las islas Luisa, Tea y Julia —por el lado N— de la costa NE de las islas Günther y Leucayec —por el lado S—, en una extensión de unas 4 m"
Paso Pedregoso,Canal Moraleda,Canal Moraleda,,,,,,,464,no,,"Paso Pedregoso.- Acceso NW. Cartas No 8221 y 8400. Separa la costa SW de la isla Refugio —por 0 el lado NE— de la costa NE de la isla Yalac —por el lado SW—, en una extensión de 3,7 millas y presenta"
Paso Yalac. Acceso W,Canal Moraleda,Canal Moraleda,1852,,,,,,464,si,,"Paso Yalac. Acceso W.- Cartas No 8221 y 8400. Separa la costa S de la isla Yalac y unas islas destacadas próximas a su extremo SW —por el lado N— de la costa N de la isla Del Barranco —por el lado S—,"
Paso Rano Kau. Acceso W,Canal Moraleda,Canal Moraleda,1296,,,,,,465,si,,Paso Rano Kau. Acceso W.- Cartas No 8221 y 8400. Separa la costa S de la isla Del Barranco ―por el lado N― de la costa N de las islas Ubaldo despren- 1 didas al N del borde NW de la península Melimoyu
Paso Chacao,Canal Moraleda,Canal Moraleda,,,,,,,466,no,,Paso Chacao.- Acceso E. Cartas No 8100 y 8300. Separa la costa S de la isla Leucayec —por el lado - 8300 - 8400 - 8412  erpetrol.cl - Fecha: 24-07-2022
Seno Gala,Seno Gala,SIN_GEOMETRIA,,,,,,,467,si,,"Seno Gala.- Carta No 8511 Se forma por el S de la península Melimoyu, en el lado E del canal Mora- 3 leda. Se interna unas 4 millas en dirección general E, luego cambia de curso al NE y posteriormente"
Canal Pihuel. Acceso E,Canal Moraleda,Canal Moraleda,,,,,,,467,si,,"Canal Pihuel. Acceso E.- Cartas No 8300 y 8400. Separa la costa S de las islas Verdugo y Serrano 0 —por el lado N— de la costa N de las islas Chipana, Aguayo, Lagarto y García —por el lado S—, en una"
Canal Piure. Acceso E,Canal Moraleda,Canal Moraleda,,,,,,,467,no,,Canal Piure. Acceso E.- Cartas No 8300 y 8400. Separa los peligros destacados al S de la isla Garrao Chico y las islas cercanas a la costa S de la isla García —por el lado N— de la costa N de las isla
Canal Jacaf. Acceso W,Canal Moraleda,Canal Moraleda,,,,,,,468,si,,"Canal Jacaf. Acceso W.- Carta No 8500. Separa la costa S de las islas Gala y Wargny y la costa continental vecina al E —por el lado N— de la costa 0 N de las islas Vico, Atilio, Enrique y Manuel, y la"
Canal Salquemán. Acceso W,Canal Moraleda,Canal Moraleda,,,,,,,469,no,,"Canal Salquemán. Acceso W.- Cartas No 8400 y 8500. Separa la costa S de las islas Salquemán, - 8400 - 8500 erpetrol.cl - Fecha: 24-07-2022"
Seno Canalad,Seno Canalad,SIN_GEOMETRIA,,,,,,,470,no,,Seno Canalad.- Cartas No 8400 y 8500. Se forma justamente al S de la punta Salquemán y sobre la costa W de la isla Magdalena. Se interna casi 6 millas en dirección ESE y presenta un ancho de más o men
Canal Chipana. Acceso E,Canal Moraleda,Canal Moraleda,3704,,,,,,470,si,,"Canal Chipana. Acceso E.- Cartas No 8300 y 8400. Separa la costa S del islote Copihue y la isla Filomena —por el lado N— de la costa N de la isla Francisco —por el lado S—, en una extensión de unas 4"
Seno Mondaca,Seno Mondaca,SIN_GEOMETRIA,,,,,,,471,no,,"Seno Mondaca.- Cartas No 8400 y 8500. Se forma al S de la isla Canalad y sobre la costa W de la isla Magdalena, en el lado E del canal Moraleda. Se interna casi 8 millas en dirección ESE y presenta un"
Canal Norte,Canal Norte,tmarea_nodos_nauticos_v1.json:E-02|E-12|E-13,556,,,,,,473,no,,"Canal Norte.- Carta No 8412. Separa la punta N de la entrada del estero Cuptana—por el lado N— de la costa NW de la isla Letreros —por el lado S—, en una extensión de cómo 1 milla en dirección SW-NE y"
Canal Sur,Canal Sur,tmarea_nodos_nauticos_v1.json:E-07|E-14|E-15,,,,,,,473,si,,"Canal Sur.- Carta No 8412. Separa la costa S de la isla Letreros —por el lado N— de la costa N de la isla Cuptana próxima al W de la punta Bornscheuer —por el lado S—, en una extensión de unos 8 cable"
Canal Temuán. Acceso E,Canal Moraleda,Canal Moraleda,9260,,,,,,474,si,,"Canal Temuán. Acceso E.- Cartas No 8300 y 8400. Separa la costa S de las islas Cuptana y Sierra — por el lado N— de la costa N de la isla Tránsito — por el lado S—, en una extensión de unas 7,5 millas"
Canal Tránsito. Acceso E,Canal Moraleda,Canal Moraleda,,,,,,,476,si,,"Canal Tránsito. Acceso E.- Cartas No 8300 y 8400. Separa la costa W y S de la isla Tránsito —por el 4 lado NE— de la costa E de las islas Soria, Florencia y Ramsés II y N de las islas Canal y Lalanca"
Canal Pérez Sur. Acceso E,Canal Moraleda,Canal Moraleda,,,,,,,476,si,,"Canal Pérez Sur. Acceso E.- Cartas No 8300 y 8400. Separa la costa E de las islas Tahuenahuec, 0 Carmencita, Gertrudis, Brieva, Benjamín, Jesús, Topaze y Teresa, el islote Cervantes y las islas Galvar"
Canal Ninualac. Acceso E,Canal Moraleda,Canal Moraleda,,,,,4.0,,477,si,,"Canal Ninualac. Acceso E.- Carta No 8160. Separa la costa S de las islas James y Teresa —por el lado N— de la costa N de las islas Kent, Melchor, Chalacayec, Tangbac y Silachilu —por el lado S—, en un"
Paso Tangbac. Acceso SE,Canal Moraleda,Canal Moraleda,1852,,,,,,478,si,,"Paso Tangbac. Acceso SE.- Cartas No 8160, 8400 y 8620. Separa la costa E de la isla Chalacayec y la costa NE de la isla Melchor —por los lado W y SW— de la costa W y SW de las islas Tangbac y Dar —por"
Canal Puyuguapi (o Poyeguapi). Acceso W,Canal Moraleda,Canal Moraleda,,,,,,,479,si,,"Canal Puyuguapi (o Poyeguapi). Acceso W.- Carta No 8500. Separa las costas S y E de la gran isla Magdalena —por el lado NW— de la costa continental —por el lado SE—, en una extensión de unas 44 millas"
Canal Ferronave. Acceso N,Canal Moraleda,Canal Moraleda,,,,,,,479,si,,"Canal Ferronave. Acceso N.- Carta No 8620. Separa la costa E de las islas Tuap y Lola, el islote Eugenia, las islas Lela, Viola, Latolque, Tadeo, Larenas y Julián, los islotes Los Amigos y Caleuche, l"
Canal Devia,Canal Devia,SIN_GEOMETRIA,,,,,,,480,no,,"Canal Devia.- Carta No 8620. Separa la costa E de los islotes María Isabel y Tisne, la isla Orestes, los islotes Nahuelanca y Pineda, las islas Ñancul, Luchin y Ester —por el lado W— de la costa conti"
Canal Pilcomayo. Acceso W,Canal Moraleda,Canal Moraleda,,9.5,,,,,482,si,,"Canal Pilcomayo. Acceso W.- Carta No 8620 —Plano. Separa la costa S del islote Dirección, las islas Swett y Viel, la roca Blanca, las islas Pilcomayo, Flores y Zolá, la península Elisa, la isla Carval"
Canal Carrera del Chivato. Acceso E,Canal Moraleda,Canal Moraleda,,,,,,,486,si,,"Canal Carrera del Chivato. Acceso E.- Cartas No 8000 y 8620. Separa la costa S de la isla Melchor —por el lado N— de la costa N de la isla Victoria —por el lado S—, en una extensión de unas 23 millas"
Canal Carrera del Cuchi. Acceso E,Canal Moraleda,Canal Moraleda,,,,,,,486,si,,Canal Carrera del Cuchi. Acceso E.- Cartas No 8620 y 8630. Separa la costa S de la isla Victoria —por el lado N— de la costa N y W de la isla Palumbo y costa N de la isla Quemada —por el 0 lado S y E—
Paso Del Medio. Acceso W,Canal Moraleda,Canal Moraleda,,,,,,,488,no,,"Paso Del Medio. Acceso W.- Carta No 8620. Separa la costa S de la isla Gutiérrez, la isla Churrecue y el islote Rodríguez —por el lado N— de la 0 costa N de las islas Lavín y Casma —por el lado S—, en"
Paso Casma. Acceso W,Canal Moraleda,Canal Moraleda,,,,,,,489,si,,"Paso Casma. Acceso W.- Carta No 8620. Separa la costa SW de las islas Lavín y Casma —por el lado NE— de la costa NE de las islas Renaico y Traiguén —por el lado SW—, en una extensión de unas 4,5 milla"
Fiordo Aysén,Fiordo Aysén,Fiordo Aysen,2778,,,,,,489,no,,Fiordo Aysén.- Carta No 8610. Se forma justamente al E del paso del Medio y sobre la costa continental. Se interna como 10 millas en dirección general NE y luego tuerce hacia el SE por otras 20 millas
Canal Darwin. Acceso E,Canal Moraleda,Canal Moraleda,,,,,,,489,si,,"Canal Darwin. Acceso E.- Cartas No 8630 y 8700. Separa la costa S de las islas Auchilú, lsquiliac, 0 Veneria, Italia, Palumbo y Quemada —por el lado N— de la costa N de las islas Garrido, Rivero, Marc"
Canal Errázuriz,Canal Errázuriz,SIN_GEOMETRIA,,,,,,,490,no,457,Canal Errázuriz.- Cartas No 8640 y 8650. Separa la costa E de las islas Luz y Humos —por el lado W— de la costa W de las islas Traiguén y Rojas y varias islas pequeñas e islotes destacados de las dos
Canal Chacabuco,Canal Chacabuco,tmarea_nodos_nauticos_v1.json:E-17,,,,,,,493,no,454,"Canal Chacabuco.- Carta No 8640. Separa la costa S de las islas Lucía, Oelckers y Humos y la costa SW de la isla Rojas —por el lado N— y la costa N de las islas Salas, Canquenes, Fitz Roy, Piuco y Mc."
Canal Chacabuco. Acceso E,Canal Errázuriz,SIN_GEOMETRIA,,,,,,,496,no,,"Canal Chacabuco. Acceso E.- Carta No 8640. Separa la costa S de las islas Lucía, Oelckers y Humos y la costa SW de la isla Rojas —por el lado N— y la costa N de las islas Salas, Canquenes, Fitz Roy, P"
Paso Tres Cruces. Acceso W,Canal Errázuriz,SIN_GEOMETRIA,,,,,,,496,si,,"Paso Tres Cruces. Acceso W.- Carta No 8650. Separa el borde S de la isla Rojas, la punta W de la isla Paty y el límite S de la isla Figueroa —por el lado 0 N— del borde NE de la isla Simpson —por el l"
Canal Refugio,Canal Refugio,SIN_GEOMETRIA,,,,,,,497,si,315,"Canal Refugio.- Cartas No 8211 y 8221. Separa la 2 costa E y S de la isla Refugio —por el lado W y N— de la costa continental y N de la península Melimoyu —por el lado S y E—, en una extensión de poco"
Paso Pedregoso,Canal Refugio,SIN_GEOMETRIA,556,,,,,,498,no,,"Paso Pedregoso.- Cartas No 8221 y 8400. Separa la costa SW de la isla Refugio —por el lado NE— de la costa NE de la isla Yalac —por el lado SW—, en una extensión de 3,7 millas en dirección NW-SE y Car"
Paso Yalac,Seno Melimoyu,SIN_GEOMETRIA,1852,,,,,,499,si,,"Paso Yalac.- Carta No 8221. Separa la costa S de la isla Yalac y unas islas destacadas próximas a su extremo SW —por el lado N— de la costa N de la isla Del Barranco —por el lado S—, en una extensión"
Paso Rano Kau,Seno Melimoyu,SIN_GEOMETRIA,1296,,,,,,499,si,,"Paso Rano Kau.- Cartas No 8221 y 8400. Separa la costa S de la isla Del Barranco ―por el lado N― de la costa N de las islas Ubaldo desprendidas al N del borde NW de la península Melimoyu, ―por el lado"
Seno Melimoyu,Seno Melimoyu,SIN_GEOMETRIA,,,,,,,499,si,,"Seno Melimoyu.- Carta No 8221. Se forma al SSE y 1,8 millas de la isla Refugio y sobre el lado N de la península del mismo nombre. Se interna unas 2,5 millas en dirección SSE y tiene como 1,5 millas d"
Seno Gala,Seno Gala,SIN_GEOMETRIA,,,,,,,500,si,467,"Seno Gala.- Carta No 8511. Se forma por el S de la península Melimoyu, en el lado E del canal Moraleda. Se interna unas 4 millas en dirección general E, luego cambia de curso al NE y posteriormente N"
Paso Petrel. Acceso N,Seno Gala,SIN_GEOMETRIA,,,,,,,501,si,,"Paso Petrel. Acceso N.- Cartas No 8511 y 8500. Separa la costa E de las islas Rudy, Chita y Totó 3 —por el lado W— de la costa W del islote Fábregas y otros próximos al S de él, y la costa continental"
Canal Jacaf,Canal Jacaf,Canal Jacaf,,,,,,,502,no,,"Canal Jacaf.- Carta No 8500. Separa la costa S de la isla Gala, la de más al S de las islas Gala, y la 400 - 8500 - 8511 erpetrol.cl - Fecha: 24-07-2022"
Paso Petrel,Canal Jacaf,Canal Jacaf,,,,,,,503,si,,"Paso Petrel.- Cartas No 8511 y 8500. Separa la costa E de las islas Rudy, Chita y Toto —por el lado W— de la costa W de la isla Fábregas y otros próximos al S de él, y la costa continental —por el lad"
Canal Frödden,Canal Jacaf,Canal Jacaf,,,,,,,504,si,,"Canal Frödden.- Cartas No 8400 y 8500. Separa la 4 costa NE de la isla Atilio —por el lado SW— de la costa SW de las islas Enrique y Manuel —por el lado NE—, en una extensión de unas 5 millas en direc"
Seno Miller,Seno Miller,SIN_GEOMETRIA,,,,,,,504,si,,"Seno Miller.- Carta No 8500. Se forma al E y 1,8 millas de la isla Wargny y sobre la costa S continental, en el lado N del canal Jacaf. Se interna casi 3 millas en dirección N y se abre entre las punt"
Canal Oelckers,Canal Oelckers,SIN_GEOMETRIA,,,,,,,504,si,,"Canal Oelckers.- Carta No 8500. Separa la costa SE de la isla Enrique —por el lado NW— de la costa NW de la isla Manuel —por el lado SE—, en una extensión de unas 3,5 millas en dirección general SW-NE"
Seno Gemmel,Seno Gemmel,SIN_GEOMETRIA,,,,,,,505,si,,"Seno Gemmel.- Carta No 8500. Se ubica al E de los islotes Gemmel y sobre la costa N del canal. Se interna casi 1,5 millas en dirección NNE y luego por poco más de 2 millas hacia el NE. Es profundo e i"
Canal Salquemán,Canal Salquemán,SIN_GEOMETRIA,,,,,,,505,si,,"Canal Salquemán.- Carta No 8500. Separa la costa S de las islas Salquemán, Atilio y Manuel —por el lado N— de las costa N de la isla Magdale- 4 na —por el lado S—, en una extensión de casi 13 millas e"
Seno Guesalaga,Seno Guesalaga,SIN_GEOMETRIA,,,,,,,505,si,,"Seno Guesalaga.- Carta No 8500. Se forma al S de la isla Larga y sobre la costa E de la isla Magdalena, en el lado S del canal Jacaf. Es angosto y se interna poco más de 2 millas hacia el SSE."
Seno Soto,Seno Soto,SIN_GEOMETRIA,,,,,,,506,no,,"Seno Soto.- Carta No 8500. Se forma al S de las 1 islas Bobadilla y sobre la costa N de la isla Magdalena, en el lado S del canal Jacaf. Se interna casi 10 millas en dirección SSW y es angosto y profu"
Seno Dirección,Seno Dirección,SIN_GEOMETRIA,,,,,,,506,si,,"Seno Dirección.- Carta No 8500 —Plano. Se forma al ESE y casi 3 millas de la isla Gama. Zañartu y sobre la costa continental, en el lado N del canal Jacaf. Se interna poco más de 1,5 millas en direcci"
Paso Sibbald,Paso Sibbald,SIN_GEOMETRIA,,,,,,,506,si,,"Paso Sibbald.- Carta No 8500 —Plano. Se forma en el extremo E del canal Jacaf, a poco menos de 2 millas de su unión con el canal Puyuguapi —donde el canal se hace muy tortuoso y angosto. Se extiende u"
Paso Angosto o W y paso Ancho o E,Canal Jacaf,Canal Jacaf,556,,,,,,507,no,,"Paso Angosto o W y paso Ancho o E.- La ubicación del islote Carlos y la roca Orestes, casi en el eje del paso Sibbald, determina dos pasajes, denominados paso Angosto o W y paso Ancho o E. Así, entre"
Canal Puyuguapi (o Poyeguapi),Canal Puyuguapi,SIN_GEOMETRIA,,,,,,,509,si,,"Canal Puyuguapi (o Poyeguapi).- Carta No 8500. Separa las costas S y E de la gran isla Magdalena —por el lado NW— de la costa continental —por el lado SE—, en una extensión de unas 44 millas tierra ad"
Seno Magdalena,Seno Magdalena,SIN_GEOMETRIA,,,,,,,517,si,,"Seno Magdalena.- Cartas No 8500 y 8520. Se forma al NE y unas 12 millas del islote Marta y sobre la costa E de la isla Magdalena, en el lado W del canal Puyuguapi. Se interna poco más de 8 millas en d"
Seno Ventisquero,Seno Ventisquero,SIN_GEOMETRIA,3148,,,,,,518,si,,"Seno Ventisquero.- Carta No 8520. Se forma como una continuación del canal Puyuguapi hacia el NNE, desde su entrada entre la punta Cesari y la punta De Vitts, hasta la desembocadura del río Pascua hac"
Paso Galvarino,Paso Galvarino,SIN_GEOMETRIA,,10.0,,,,,519,no,,"Paso Galvarino.- Carta No 8520. Se forma al NE y 7,8 millas de la punta Cesari y como a los dos tercios del curso del seno Ventisquero, donde hay 1 un estrecho pasaje que se extiende casi 1 milla en d"
Seno Ventisquero. Parte N,Paso Galvarino,SIN_GEOMETRIA,370,,,,,,519,no,,"Seno Ventisquero. Parte N.- Es la continuación del seno Ventisquero hacia el N del paso Galvarino, internándose 3,6 millas en dirección NE, hasta el puerto Puyuguapi. En este tramo el desahogo aumenta"
Canal Ferronave,Canal Ferronave,SIN_GEOMETRIA,,,,,,,522,no,,"Canal Ferronave.- Carta No 8620. Separa la costa E de las islas Tuap y Lola, el islote Eugenia, las islas Lela, Viola, Latolque, Tadeo, Larenas y Julián, los islotes Los Amigos y Caleuche, las islas L"
Canal Ñancul. Acceso SW,Canal Ferronave,SIN_GEOMETRIA,,,,,,,525,no,,Canal Ñancul. Acceso SW.- Carta No 8620. Separa 1 la costa SE de la isla Orestes y los islotes Nahuelanca —por el lado NW— de la costa NW de las islas Hilda y Ñancul y los islotes Pineda —por el lado
Paso Los Maceteros,Canal Ferronave,SIN_GEOMETRIA,,,,,,,532,si,,"Paso Los Maceteros.- Carta No 8620. Separa la costa E del islote El Morro, señalizado con una bali- 2 za luminosa, los islotes Tres Ratas, las islas Cárdenas, Swett y Viel y la roca Blanca —por el lad"
Canal Devia,Canal Devia,SIN_GEOMETRIA,,,,,,,536,no,480,"Canal Devia.- Carta No 8620. Separa la costa E de los islotes María Isabel y Tisne, la isla Orestes, los islotes Nahuelanca y Pineda, y las islas Ñancul, Luchín y Ester —por el lado W— de la costa con"
Canal Ñancul. Acceso NE,Canal Devia,SIN_GEOMETRIA,,,,,,,536,no,,"Canal Ñancul. Acceso NE.- Carta No 8620. Separa 0 la costa SE de la isla Orestes y los islotes Nahuelanca —por el lado NW— de la costa NW de las islas Hilda y Ñancul, y los islotes Pineda —por el lado"
Fiordo Vera,Fiordo Vera,SIN_GEOMETRIA,,,,,,,537,no,,"Fiordo Vera.- Carta No 8620. Se forma al S y 8,5 millas de la punta San Andrés y sobre la costa continental, en el lado E del canal Devia. Es pequeño y se interna aproximadamente 3 millas en dirección"
Paso Mella,Canal Devia,SIN_GEOMETRIA,185,,,,,,537,no,,Paso Mella.- Carta No 8620. Separa el borde SE de 2 la isla Ester —por el lado N— del borde N de una pequeña península que desprende la costa continental y que termina en la punta Roch —por el lado S—
Seno Elisa,Seno Elisa,SIN_GEOMETRIA,4630,,,,,,537,si,,"Seno Elisa.- Carta No 8620. Se forma WSW y 5,5 millas de la punta Roch y sobre la costa continental. Se interna casi 4 millas en dirección S y ofrece un ancho bastante parejo no menor de 7 cables. Su"
Canal Pilcomayo,Canal Pilcomayo,SIN_GEOMETRIA,,9.5,,,,,538,si,,"Canal Pilcomayo.- Carta No 8620 —Plano. Separa la costa S del islote Dirección, las islas Swett y Viel, la roca Blanca, las islas Pilcomayo, Flores y Zolá, la península Elisa, la isla Carvallo y la co"
Canal Rodríguez,Canal Rodríguez,SIN_GEOMETRIA,,,,,,,542,no,,"Canal Rodríguez.- Carta No 8620. Separa la costa S de la isla Chaculay —por el lado N— de la costa N de la isla Churrecue y los islotes Herrera —por el lado S—, en una extensión de casi 5 millas en di"
Paso Del Medio,Paso Medio,SIN_GEOMETRIA,,,,,,,543,no,,"Paso Del Medio.- Carta No 8620. Separa la costa S de la isla Gutiérrez, la isla Churrecue y el islote Rodríguez —por el lado N— de la costa N de las islas Lavín y Casma —por el lado S—, en una extensi"
Paso Casma,Paso Casma,SIN_GEOMETRIA,,,,,,,544,si,,"Paso Casma.- Carta No 8620. Separa la costa SW de las islas Lavín y Casma —por el lado NE— de la costa NE de las islas Renaico y Traiguén —por 0 el lado SW—, en una extensión de unas 4,5 millas en dir"
Fiordo Aysén,Fiordo Aysén,Fiordo Aysen,,,,,,,545,no,489,Fiordo Aysén.- Carta No 8610. Se forma justamente al E del paso Del Medio y sobre la costa continental. - 8610 - 8620 erpetrol.cl - Fecha: 24-07-2022
Paso Del Río,Fiordo Aysén,Fiordo Aysen,,,,,,,549,no,,"Paso Del Río.- Cartas No 8610 y 8611. Separa la costa SE de la isla Partida —por el lado NW— de la costa NW de la isla Carmen —por el lado SE—, en una extensión de casi 2 millas en dirección SW-NE y c"
Canal Costa,Canal Costa,SIN_GEOMETRIA,1852,,,,,,560,si,,"Canal Costa.- Carta No 8650. Separa la costa continental —por el lado E— y la costa E de las islas Casma, Traiguén y Figueroa —por el lado W—, en una extensión de poco más de 20 millas en dirección ge"
Paso Tres Cruces,Paso Tres Cruces,SIN_GEOMETRIA,,,,,,,562,si,,"Paso Tres Cruces.- Carta No 8650. Separa el borde S de la isla Rojas, la punta W de la isla Paty y el límite S de la isla Figueroa —por el lado N— del borde NE de la isla Simpson —por el lado S—, en u"
Canal Nalcayec. Acceso E,Paso Tres Cruces,SIN_GEOMETRIA,,,,,,,566,si,,"Canal Nalcayec. Acceso E.- Cartas No 8650 y 8660. 4 Separa la costa SE de la isla Simpson —por el lado W y N— de la costa W y N de la isla Huemules —por el lado E y S—, en una extensión de unas 7,5 mi"
Canal Liucura. Acceso E,Paso Tres Cruces,SIN_GEOMETRIA,,,,,,,567,si,,"Canal Liucura. Acceso E.- Carta No 8660. Separa la costa S de las islas Simpson, Huemules y Oma —por el lado N— de la costa N de la isla Nalcayec —por el lado S—, en una extensión de unas 12 millas en"
Canal Tuahuencayec. Acceso E,Paso Tres Cruces,SIN_GEOMETRIA,,,,,,,568,si,,"Canal Tuahuencayec. Acceso E.- Carta No 8660. Separa la costa S de la isla Nalcayec —por el lado N— de la costa N de la península Sisquelán —por el lado S—, en una extensión de unas 12 millas en direc"
Paso Quesahuén,Paso Quesahuén,SIN_GEOMETRIA,296,,,,,,571,no,,"Paso Quesahuén.- Carta No 8670 —Plano. Se forma al SW y 5 millas de la punta Garrao, en el extremo S del estero Elefantes. Separa la punta E de la isla Leonor —por el lado W— del veril 0 W del fondo s"
Golfo Elefantes,Golfo Elefantes,SIN_GEOMETRIA,7408,,,,,,573,si,,"Golfo Elefantes.- Carta No 8670. Se forma al S del estero Elefantes, entre el continente —por el lado 3 E— y la costa SE de la península de Taitao —por el lado W. Se interna unas 10 millas en direcció"
Paso De Vidts,Paso Vidts,SIN_GEOMETRIA,185,12.5,,,,,574,no,,"Paso De Vidts.- Carta No 8670 —Plano. Se forma en el extremo S del golfo Elefantes y hacia el S de la punta Leopardo, separando el pequeño islote Entrada —por el lado N— del veril N del bajo fondo que"
Golfo Tres Montes,Golfo Tres Montes,SIN_GEOMETRIA,44448,,,,,,583,si,,"Golfo Tres Montes.- Carta No 8800. Se forma hacia el N del golfo de Penas, entre el lado E de la penín- Cartas: 8000   AS A LOS NAVEGANTES DEL MES DE MARZO DE 2023. ES MONTES Cap. VIII sula Tres Monte"
Paso Holloway,Paso Holloway,SIN_GEOMETRIA,,,,,,,585,si,,"Paso Holloway.- Carta No 8810. Separa la costa NE de la península Tres Montes, los islotes Gemelos, el islote Guía, la punta Morro y la isla Centro —por el lado W— de la costa SW de las islas Smith, W"
Canal Chaicayán,Canal Chaicayán,SIN_GEOMETRIA,11668,,,,,,586,si,,"Canal Chaicayán.- Carta No 8810. Separa la costa W y S de la península de Taitao y la costa S de las islas Almozara y Parker —por el lado E y N— de la costa E o N de la isla Crosslet, el islote Hales,"
Seno Newman,Seno Newman,SIN_GEOMETRIA,,,,,,,588,si,,"Seno Newman.- Carta No 8800. Se forma hacia el NE de las islas Marinas y en el recodo NE del canal Chaicayán, sobre la costa continental. Se interna como por 15 millas en dirección NE y su ancho varía"
Paso Echegoyen,Golfo Tres Montes,SIN_GEOMETRIA,,,,,,,589,si,,"Paso Echegoyen.- Carta No 8810. Separa la costa SE de las islas Alex y Término —por el lado NW y W— de la costa NE de las islas Athos y Baja —por el lado SE y E—, en una extensión de poco más de 2 mil"
Golfo San Esteban,Golfo San Esteban,SIN_GEOMETRIA,16668,,,,,,593,no,,"Golfo San Esteban.- Carta No 8820. Es el gran brazo de mar de casi 9 millas de ancho que se forma en vértice NE del gran golfo de Penas, entre la isla 3 Purcell y la costa S de la península Forelius —"
Seno Escondido,Seno Escondido,SIN_GEOMETRIA,,,,,,,595,no,,"Seno Escondido.- Carta No 8820. Se forma hacia el final o término W de la bahía San Quintín y sobre la costa continental. Se interna casi 4,5 millas en 2 dirección general WSW y luego NW. Su acceso se"
Seno Aldunate,Seno Aldunate,SIN_GEOMETRIA,2222,,,,,,596,si,,"Seno Aldunate.- Carta No 8820. Se forma en la parte N de la de la bahía San Quintín y sobre la costa continental. Se interna unas 7 millas en dirección NW, separando la península Esmeralda de la costa"
Paso Expedición,Seno Aldunate,SIN_GEOMETRIA,389,,,,,,597,si,,"Paso Expedición.- Carta No 8820. Se forma en la parte NE de la bahía San Quintín y separa la costa continental S del istmo de Ofqui —por el lado N— 3 de la costa N de la isla del Diablo, fácilmente re"
Seno Expedición,Seno Expedición,SIN_GEOMETRIA,20372,,,,,,597,si,,"Seno Expedición.- Se forma en el centro de la ribera N del paso Expedición. Es un pequeño y totalmente embancado seno que se interna 1,7 millas en dirección NNW. Al NW y 1 milla del final de este seno"
Golfo de Penas,Golfo Penas,SIN_GEOMETRIA,,,,,,,600,si,407,Golfo de Penas.- Carta No 8800. Se forma justamente al S del cabo Tres Montes y sobre la costa continental. Es una gran extensión de mar que abarca desde el paralelo 46º 59' S hasta el paralelo 47º 40
